SALE TYPE,SOLD DATE,PROPERTY TYPE,ADDRESS,CITY,STATE,ZIP,PRICE,BEDS,BATHS,LOCATION,SQUARE FEET,LOT SIZE,YEAR BUILT,DAYS ON MARKET,$/SQUARE FEET,HOA/MONTH,STATUS,NEXT OPEN HOUSE START TIME,NEXT OPEN HOUSE END TIME,URL (SEE http://www.redfin.com/buy-a-home/comparative-market-analysis FOR INFO ON PRICING),SOURCE,MLS#,FAVORITE,INTERESTED,LATITUDE,LONGITUDE
MLS Listing,,Condo/Co-op,3418 26th St #8,SAN FRANCISCO,CA,94110,949000,2,2.0,SAN FRANCISCO,795,3969,2014,1,1194,615,Active,October-7-2017 02:00 PM,October-7-2017 04:00 PM,http://www.redfin.com/CA/San-Francisco/3418-26th-St-94110/unit-8/home/110052013,MLSListings,ML81679903,N,Y,37.7491644,-122.4190008
MLS Listing,,Single Family Residential,224 Roanoke St,SAN FRANCISCO,CA,94131,1349000,2,1.0,SAN FRANCISCO,857,1824,1928,4,1574,,Active,October-7-2017 02:00 PM,October-7-2017 04:00 PM,http://www.redfin.com/CA/San-Francisco/224-Roanoke-St-94131/home/809507,MLSListings,ML81679955,N,Y,37.7352096,-122.4301253
MLS Listing,,Single Family Residential,2767 37th Ave,SAN FRANCISCO,CA,94116,1249000,3,2.0,SAN FRANCISCO,1723,3000,1947,7,725,,Active,,,http://www.redfin.com/CA/San-Francisco/2767-37th-Ave-94116/home/1478066,MLSListings,ML81679550,N,Y,37.7353501,-122.4947599
MLS Listing,,Condo/Co-op,700 Illinois St #6,SAN FRANCISCO,CA,94107,799000,1,2.0,SAN FRANCISCO,913,9081,2002,7,875,609,Active,October-7-2017 02:00 PM,October-7-2017 04:00 PM,http://www.redfin.com/CA/San-Francisco/700-Illinois-St-94107/unit-6/home/12397500,MLSListings,ML81679645,N,Y,37.7629429,-122.3879704
MLS Listing,,Condo/Co-op,55 Page St #622,SAN FRANCISCO,CA,94102,1195000,2,2.0,SAN FRANCISCO,990,25801,2008,13,1207,567,Active,,,http://www.redfin.com/CA/San-Francisco/55-Page-St-94102/unit-622/home/17306886,MLSListings,ML81679029,N,Y,37.7739816,-122.421936
MLS Listing,,Condo/Co-op,1800 Bryant St #116,San Francisco,CA,94110,849000,1,2.0,San Francisco County,976,,2000,28,870,495,Active,,,http://www.redfin.com/CA/San-Francisco/1800-Bryant-St-94110/unit-116/home/1973015,BAREIS,21721314,N,Y,37.7640901,-122.4109297
MLS Listing,,Condo/Co-op,855 Folsom St #341,San Francisco,CA,94107,849000,1,1.5,San Francisco County,,55687,2001,45,,523,Active,,,http://www.redfin.com/CA/San-Francisco/855-Folsom-St-94107/unit-341/home/12397486,BAREIS,21719773,N,Y,37.7807737,-122.4021633
MLS Listing,,Condo/Co-op,333 Main St Unit 7A,San Francisco,CA,94105,1199000,2,2.0,South Beach,1107,,2008,1,1083,912,Active,October-7-2017 02:00 PM,October-7-2017 04:00 PM,http://www.redfin.com/CA/San-Francisco/333-Main-St-94105/unit-7A/home/21966972,San Francisco MLS,463540,N,Y,37.7890189,-122.3912082
MLS Listing,,Single Family Residential,67 Arago St,San Francisco,CA,94112,1295000,4,4.0,Mission Terrace,1816,1698,1930,1,713,,Active,,,http://www.redfin.com/CA/San-Francisco/67-Arago-St-94112/home/1130880,San Francisco MLS,463364,N,Y,37.7271614,-122.4432667
MLS Listing,,Single Family Residential,659 Mangels Ave,San Francisco,CA,94127,1695000,4,4.0,Sunnyside,,2495,1927,1,,,Active,,,http://www.redfin.com/CA/San-Francisco/659-Mangels-Ave-94127/home/1612759,San Francisco MLS,463462,N,Y,37.732818,-122.452515
MLS Listing,,Single Family Residential,931 Athens St,SAN FRANCISCO,CA,94112,999000,2,1.0,SAN FRANCISCO,1267,2495,1925,1,788,,Active,October-7-2017 01:00 PM,October-7-2017 04:00 PM,http://www.redfin.com/CA/San-Francisco/931-Athens-St-94112/home/1114431,MLSListings,ML81680416,N,Y,37.7142499,-122.433674
MLS Listing,,Single Family Residential,501 Crescent Ave,San Francisco,CA,94110,750000,2,1.0,Bernal Heights,960,1750,1905,1,781,,Active,,,http://www.redfin.com/CA/San-Francisco/501-Crescent-Ave-94110/home/764857,San Francisco MLS,463531,N,Y,37.7350226,-122.4160712
MLS Listing,,Condo/Co-op,715 Page St,San Francisco,CA,94117,1249000,2,2.0,Hayes Valley,1254,,1912,1,996,470,Active,October-7-2017 02:00 PM,October-7-2017 04:00 PM,http://www.redfin.com/CA/San-Francisco/715-Page-St-94117/home/12402527,San Francisco MLS,463527,N,Y,37.772567,-122.432674
MLS Listing,,Single Family Residential,15 Athens St,San Francisco,CA,94112,749000,2,1.0,Excelsior,949,1298,1946,1,789,,Active,October-7-2017 02:00 PM,October-7-2017 04:00 PM,http://www.redfin.com/CA/San-Francisco/15-Athens-St-94112/home/1232416,San Francisco MLS,463376,N,Y,37.7276968,-122.4236523
MLS Listing,,Multi-Family (2-4 Unit),1848-1850 Green St,San Francisco,CA,94123,4650000,4,,Pacific Heights,7195,40333,2019,1,646,,Active,,,http://www.redfin.com/CA/San-Francisco/1850-Green-St-94123/home/1909379,San Francisco MLS,463515,N,Y,37.7924269,-122.4382307
MLS Listing,,Single Family Residential,168 Concord St,San Francisco,CA,94112,725000,2,1.0,Crocker Amazon,1025,1873,1927,1,707,,Active,October-7-2017 02:00 PM,October-7-2017 04:00 PM,http://www.redfin.com/CA/San-Francisco/168-Concord-St-94112/home/916549,San Francisco MLS,462935,N,Y,37.7112572,-122.4424994
MLS Listing,,Single Family Residential,1347 31st,SAN FRANCISCO,CA,94122,1497000,3,2.0,SAN FRANCISCO,1490,3000,1936,1,1005,,Active,,,http://www.redfin.com/CA/San-Francisco/1347-31st-Ave-94122/home/1385716,MLSListings,ML81679422,N,Y,37.7620876,-122.4901818
MLS Listing,,Vacant Land,1098 Valencia St,San Francisco,CA,94110,9990000,,,Mission Dolores,,10113,,1,,,Active,,,http://www.redfin.com/CA/San-Francisco/1098-Valencia-St-94110/home/143986252,San Francisco MLS,463505,N,Y,37.7555324,-122.4212981
MLS Listing,,Condo/Co-op,1451 Shotwell St Unit 1/2,San Francisco,CA,94110,950000,2,1.0,Bernal Heights,,,1900,1,,,Active,October-7-2017 02:00 PM,October-7-2017 04:00 PM,http://www.redfin.com/CA/San-Francisco/1451-Shotwell-St-94110/unit-1-2/home/143985977,San Francisco MLS,463502,N,Y,37.7459142,-122.4148589
MLS Listing,,Condo/Co-op,30 Kent St,San Francisco,CA,94133,849000,1,1.5,Russian Hill,,,1907,1,,375,Active,October-7-2017 02:00 PM,October-7-2017 04:00 PM,http://www.redfin.com/CA/San-Francisco/30-Kent-St-94133/home/52208333,San Francisco MLS,463196,N,Y,37.800271,-122.4130483
MLS Listing,,Condo/Co-op,401 Harrison Unit 21G,San Francisco,CA,94105,1025000,1,1.0,South Beach,759,,2014,2,1350,1068,Active,,,http://www.redfin.com/CA/San-Francisco/401-Harrison-St-94105/unit-21G/home/143983934,San Francisco MLS,463485,N,Y,37.7865463,-122.3920492
MLS Listing,,Condo/Co-op,348 Church #101,San Francisco,CA,94114,1195000,2,2.0,Eureka Valley/Dolore,1073,,1995,2,1114,453,Active,October-7-2017 01:00 PM,October-7-2017 04:00 PM,http://www.redfin.com/CA/San-Francisco/348-Church-St-94114/unit-101/home/1750881,San Francisco MLS,462821,N,Y,37.765397,-122.4290488
MLS Listing,,Condo/Co-op,1236 Willard St,San Francisco,CA,94117,1095000,2,1.25,Parnassus/Ashbury Heights,,,1900,2,,200,Active,October-5-2017 05:30 PM,October-5-2017 07:00 PM,http://www.redfin.com/CA/San-Francisco/1236-Willard-St-94117/home/108981791,San Francisco MLS,463453,N,Y,37.7656524,-122.4545033
MLS Listing,,Single Family Residential,20 Burr Ave,San Francisco,CA,94134,649000,4,2.5,Visitacion Valley,1728,1372,1963,2,376,,Active,October-8-2017 01:00 PM,October-8-2017 04:00 PM,http://www.redfin.com/CA/San-Francisco/20-Burr-Ave-94134/home/791666,San Francisco MLS,463463,N,Y,37.7098297,-122.4147046
MLS Listing,,Multi-Family (2-4 Unit),3933-3941 Mission St,San Francisco,CA,94112,1275000,4,4.0,Bernal Heights,3098,,1951,3,412,,Active,October-5-2017 04:00 AM,October-5-2017 05:00 PM,http://www.redfin.com/CA/San-Francisco/3941-Mission-St-94112/home/1828956,San Francisco MLS,463448,N,Y,37.7345829,-122.4251609
MLS Listing,,Single Family Residential,2279 29th Ave,San Francisco,CA,94116,999000,2,1.0,Parkside,1360,2996,1926,3,735,,Active,October-8-2017 02:00 PM,October-8-2017 04:00 PM,http://www.redfin.com/CA/San-Francisco/2279-29th-Ave-94116/home/658772,San Francisco MLS,463443,N,Y,37.7448652,-122.4868504
MLS Listing,,Single Family Residential,621 Shields St,SAN FRANCISCO,CA,94132,850000,2,1.0,SAN FRANCISCO,1000,2500,1941,3,850,,Active,October-7-2017 01:00 PM,October-7-2017 04:00 PM,http://www.redfin.com/CA/San-Francisco/621-Shields-St-94132/home/828756,MLSListings,ML81680092,N,Y,37.7177562,-122.4684677
MLS Listing,,Condo/Co-op,74 New Montgomery St #613,San Francisco,CA,94105,799000,1,1.0,Yerba Buena,,,1914,3,,804,Active,October-7-2017 10:00 AM,October-7-2017 12:00 PM,http://www.redfin.com/CA/San-Francisco/74-New-Montgomery-St-94105/unit-613/home/17305969,San Francisco MLS,463441,N,Y,37.7876853,-122.4010321
MLS Listing,,Multi-Family (2-4 Unit),1373-1377 Haight St,San Francisco,CA,94117,2350000,8,2.0,Haight Ashbury,5620,2495,1902,3,418,,Active,,,http://www.redfin.com/CA/San-Francisco/1377-Haight-St-94117/home/143974379,San Francisco MLS,463393,N,Y,37.7701004,-122.4448172
MLS Listing,,Multi-Family (2-4 Unit),2343 19th Ave,San Francisco,CA,94116,1390000,5,2.0,Parkside,2175,3000,1924,3,639,,Active,October-7-2017 02:00 PM,October-7-2017 04:00 PM,http://www.redfin.com/CA/San-Francisco/2343-19th-Ave-94116/home/113844008,San Francisco MLS,463435,N,Y,37.7440847,-122.4760203
MLS Listing,,Condo/Co-op,887 Hayes St,San Francisco,CA,94117,789000,1,1.0,Alamo Square,769,,1890,3,1026,160,Active,October-8-2017 02:00 PM,October-8-2017 04:00 PM,http://www.redfin.com/CA/San-Francisco/887-Hayes-St-94117/home/40142326,San Francisco MLS,463434,N,Y,37.775686,-122.43085
MLS Listing,,Vacant Land,131 Edgehill,San Francisco,CA,94127,695000,,,Forest Hill Extension,,4329,,3,,,Active,,,http://www.redfin.com/CA/San-Francisco/131-Edgehill-Way-94127/home/143973408,San Francisco MLS,463433,N,Y,37.7432212,-122.4600467
MLS Listing,,Single Family Residential,111 Gates St,San Francisco,CA,94110,995000,3,2.0,Bernal Heights,1207,1746,1964,3,824,,Active,,,http://www.redfin.com/CA/San-Francisco/111-Gates-St-94110/home/1264746,San Francisco MLS,463432,N,Y,37.7411589,-122.4137463
MLS Listing,,Condo/Co-op,1450 Post St #1005,SAN FRANCISCO,CA,94109,260000,1,1.0,SAN FRANCISCO,535,26443,1992,3,486,306,Active,,,http://www.redfin.com/CA/San-Francisco/1450-Post-St-94109/unit-1005/home/572806,MLSListings,ML81680062,N,Y,37.7863607,-122.4258197
MLS Listing,,Condo/Co-op,25 Sierra St #304,San Francisco,CA,94107,1349000,2,2.5,Potrero Hill,2047,,2006,3,659,763,Active,October-5-2017 05:00 PM,October-5-2017 06:30 PM,http://www.redfin.com/CA/San-Francisco/25-Sierra-St-94107/unit-304/home/12402350,San Francisco MLS,463430,N,Y,37.7582115,-122.3954971
MLS Listing,,Single Family Residential,2168 17th Ave,San Francisco,CA,94116,1888000,7,5.0,Inner Parkside,3010,3600,1925,3,627,,Active,October-8-2017 02:00 PM,October-8-2017 04:00 PM,http://www.redfin.com/CA/San-Francisco/2168-17th-Ave-94116/home/1693508,San Francisco MLS,463429,N,Y,37.747513,-122.4735947
MLS Listing,,Single Family Residential,3973-3975 Clay St,San Francisco,CA,94118,4895000,8,4.25,Presidio Heights,5040,3209,1911,3,971,,Active,,,http://www.redfin.com/CA/San-Francisco/3975-Clay-St-94118/home/589043,San Francisco MLS,463428,N,Y,37.7873845,-122.4586713
MLS Listing,,Condo/Co-op,2100 Green St #404,San Francisco,CA,94123,2995000,2,2.0,Pacific Heights,,,1927,3,,1211,Active,,,http://www.redfin.com/CA/San-Francisco/2100-Green-St-94123/unit-404/home/12400995,San Francisco MLS,463373,N,Y,37.7965625,-122.4339368
MLS Listing,,Condo/Co-op,2274 Bay St,San Francisco,CA,94123,1575000,2,2.0,Marina,,,1935,3,,285,Active,October-7-2017 01:00 PM,October-7-2017 05:00 PM,http://www.redfin.com/CA/San-Francisco/2274-Bay-St-94123/home/1252481,San Francisco MLS,463412,N,Y,37.801855,-122.4444877
MLS Listing,,Condo/Co-op,1915 Stockton St,San Francisco,CA,94133,2295000,3,2.0,Telegraph Hill,1515,,1906,3,1515,,Active,,,http://www.redfin.com/CA/San-Francisco/1915-Stockton-St-94133/home/113600953,San Francisco MLS,463426,N,Y,37.803497,-122.410067
MLS Listing,,Multi-Family (5+ Unit),101 Balboa #113,San Francisco,CA,94118,2195000,8,,Inner Richmond,6325,2374,1906,3,347,,Active,October-5-2017 03:30 PM,October-5-2017 05:00 PM,http://www.redfin.com/CA/San-Francisco/101-Balboa-St-94118/unit-113/home/143972049,San Francisco MLS,463424,N,Y,37.777258,-122.4601257
MLS Listing,,Condo/Co-op,2145 Jackson St,San Francisco,CA,94115,2400000,3,3.0,Pacific Heights,2100,,,3,1143,350,Active,October-8-2017 02:00 PM,October-8-2017 04:00 PM,http://www.redfin.com/CA/San-Francisco/2145-Jackson-St-94115/home/564539,San Francisco MLS,463423,N,Y,37.792737,-122.430313
MLS Listing,,Condo/Co-op,103 12th Ave,San Francisco,CA,94118,899000,1,1.0,Lake,1109,,1911,3,811,219,Active,October-8-2017 02:00 PM,October-8-2017 04:00 PM,http://www.redfin.com/CA/San-Francisco/103-12th-Ave-94118/home/1732227,San Francisco MLS,463148,N,Y,37.7861393,-122.4712018
MLS Listing,,Condo/Co-op,725 Tehama St #1,San Francisco,CA,94103,1150000,1,2.0,South of Market,1324,,2000,3,869,350,Active,October-8-2017 02:00 PM,October-8-2017 04:30 PM,http://www.redfin.com/CA/San-Francisco/725-Tehama-St-94103/unit-1/home/12396881,San Francisco MLS,463422,N,Y,37.7752814,-122.4114484
MLS Listing,,Single Family Residential,2521 Octavia St,San Francisco,CA,94123,3895000,5,5.5,Pacific Heights,3700,2813,1900,3,1053,,Active,October-15-2017 11:00 AM,October-15-2017 01:00 PM,http://www.redfin.com/CA/San-Francisco/2521-Octavia-St-94123/home/564949,San Francisco MLS,463411,N,Y,37.795828,-122.428808
MLS Listing,,Multi-Family (5+ Unit),240 St Josephs Ave,San Francisco,CA,94115,7188888,26,,Anza Vista,10433,5998,1963,3,689,,Active,,,http://www.redfin.com/CA/San-Francisco/240-Saint-Joseph-s-Ave-94115/home/1217770,San Francisco MLS,463272,N,Y,37.7817869,-122.4413233
MLS Listing,,Multi-Family (5+ Unit),1600 Larkin St,San Francisco,CA,94109,6988000,17,,Nob Hill,9090,3545,1964,3,769,,Active,October-5-2017 02:00 PM,October-5-2017 03:00 PM,http://www.redfin.com/CA/San-Francisco/1600-Larkin-St-94109/home/1425320,San Francisco MLS,463417,N,Y,37.792747,-122.419137
MLS Listing,,Condo/Co-op,2066 Green St,San Francisco,CA,94123,3995000,3,3.0,Pacific Heights,2479,,1948,3,1612,1200,Active,October-8-2017 02:00 PM,October-8-2017 04:00 PM,http://www.redfin.com/CA/San-Francisco/2066-Green-St-94123/home/1243608,San Francisco MLS,463145,N,Y,37.796672,-122.433164
MLS Listing,,Condo/Co-op,690 Market St #504,San Francisco,CA,94104,1750000,2,2.5,Financial District,1695,,,3,1032,2842,Active,,,http://www.redfin.com/CA/San-Francisco/690-Market-St-94104/unit-504/home/21967262,San Francisco MLS,463414,N,Y,37.7883046,-122.4032778
MLS Listing,,Condo/Co-op,2830 22nd St #3,San Francisco,CA,94110,1150000,2,1.5,Inner Mission,,,1900,3,,100,Active,October-7-2017 02:00 PM,October-7-2017 04:00 PM,http://www.redfin.com/CA/San-Francisco/2830-22nd-St-94110/unit-3/home/91165567,San Francisco MLS,463415,N,Y,37.7560911,-122.4109985
MLS Listing,,Condo/Co-op,690 Market St #203,San Francisco,CA,94104,1249000,1,1.5,Financial District,1320,,,3,946,2762,Active,,,http://www.redfin.com/CA/San-Francisco/690-Market-St-94104/unit-203/home/21967162,San Francisco MLS,463413,N,Y,37.7883046,-122.4032778
MLS Listing,,Multi-Family (2-4 Unit),127 Corbett Ave,San Francisco,CA,94114,1895000,3,3.5,Corona Heights,1800,1733,1937,3,1053,,Active,October-5-2017 05:30 PM,October-5-2017 07:00 PM,http://www.redfin.com/CA/San-Francisco/127-Corbett-Ave-94114/home/672303,San Francisco MLS,463274,N,Y,37.7615407,-122.4408925
MLS Listing,,Multi-Family (2-4 Unit),584-586 Mississippi St,San Francisco,CA,94107,1500000,,,Potrero Hill,1800,2495,1927,4,833,,Active,,,http://www.redfin.com/CA/San-Francisco/586-Mississippi-St-94107/home/113654811,San Francisco MLS,463407,N,Y,37.759006,-122.3944644
MLS Listing,,Multi-Family (5+ Unit),3983-3985 17th St,San Francisco,CA,94114,3850000,,,Eureka Valley/Dolore,5776,2495,1925,4,667,,Active,,,http://www.redfin.com/CA/San-Francisco/3985-17th-St-94114/home/143965582,San Francisco MLS,463403,N,Y,37.7623487,-122.4348035
MLS Listing,,Condo/Co-op,1235 McAllister #112,San Francisco,CA,94115,588000,1,1.0,Western Addition,660,,2000,4,891,340,Active,,,http://www.redfin.com/CA/San-Francisco/1235-McAllister-St-94115/unit-112/home/2035924,San Francisco MLS,462990,N,Y,37.778246,-122.4326219
MLS Listing,,Condo/Co-op,77 Dow Pl #506,San Francisco,CA,94107,959000,1,1.5,Yerba Buena,1254,,2002,5,765,778,Active,October-5-2017 05:30 PM,October-5-2017 07:00 PM,http://www.redfin.com/CA/San-Francisco/77-Dow-Pl-94107/unit-506/home/1187024,San Francisco MLS,463387,N,Y,37.784208,-122.3967439
MLS Listing,,Condo/Co-op,420 Mission Bay Blvd #306,San Francisco,CA,94158,950000,1,1.0,Mission Bay,927,,2012,5,1025,735,Active,,,http://www.redfin.com/CA/San-Francisco/420-Mission-Bay-Blvd-N-94158/unit-306/home/40501026,San Francisco MLS,463390,N,Y,37.7712178,-122.3879252
MLS Listing,,Single Family Residential,625 Avalon Ave,San Francisco,CA,94112,825000,3,1.0,Excelsior,1205,2500,1955,5,685,,Active,,,http://www.redfin.com/CA/San-Francisco/625-Avalon-Ave-94112/home/1327693,San Francisco MLS,463392,N,Y,37.7254429,-122.4271911
MLS Listing,,Condo/Co-op,1695 18th St #304,San Francisco,CA,94107,690000,1,1.5,Potrero Hill,715,,1996,5,965,318,Active,October-5-2017 05:30 PM,October-5-2017 07:00 PM,http://www.redfin.com/CA/San-Francisco/1695-18th-St-94107/unit-304/home/1487433,San Francisco MLS,463388,N,Y,37.7620832,-122.3990138
MLS Listing,,Single Family Residential,538 28th St,San Francisco,CA,94131,5650000,5,5.0,Noe Valley,4785,2848,1910,5,1181,,Active,October-8-2017 02:00 PM,October-8-2017 04:00 PM,http://www.redfin.com/CA/San-Francisco/538-28th-St-94131/home/804000,San Francisco MLS,463280,N,Y,37.74509,-122.434297
MLS Listing,,Condo/Co-op,338 Potrero Ave #708,San Francisco,CA,94103,1099000,2,2.0,Inner Mission,,,2016,5,,633,Active,October-7-2017 12:00 PM,October-7-2017 04:00 PM,http://www.redfin.com/CA/San-Francisco/338-Potrero-Ave-94103/unit-708/home/143950558,San Francisco MLS,463386,N,Y,37.7651466,-122.4078174
MLS Listing,,Single Family Residential,178 Denslowe Dr,San Francisco,CA,94132,1950000,3,2.0,Lakeside,1756,3855,1942,5,1110,,Active,,,http://www.redfin.com/CA/San-Francisco/178-Denslowe-Dr-94132/home/836173,San Francisco MLS,462893,N,Y,37.7216719,-122.4747501
MLS Listing,,Single Family Residential,42 Caine Ave,San Francisco,CA,94112,525000,2,1.0,Ingleside,770,2495,1911,6,682,,Active,October-8-2017 02:00 PM,October-8-2017 04:00 PM,http://www.redfin.com/CA/San-Francisco/42-Caine-Ave-94112/home/823821,San Francisco MLS,463384,N,Y,37.7175865,-122.450598
MLS Listing,,Condo/Co-op,3062 Market St,San Francisco,CA,94114,1049000,2,1.0,Corona Heights,,,1890,6,,,Active,,,http://www.redfin.com/CA/San-Francisco/3062-Market-St-94114/home/1678295,San Francisco MLS,463367,N,Y,37.7612477,-122.442584
MLS Listing,,Condo/Co-op,3062 Market St Unit A,San Francisco,CA,94114,549000,0,1.0,Corona Heights,,,1890,6,,,Active,,,http://www.redfin.com/CA/San-Francisco/3062-Market-St-94114/unit-A/home/143943211,San Francisco MLS,463370,N,Y,37.7612477,-122.442584
MLS Listing,,Multi-Family (2-4 Unit),471-473 Lombard St,San Francisco,CA,94133,3495000,4,3.5,Telegraph Hill,,3436,1908,6,,,Active,October-7-2017 01:00 PM,October-7-2017 03:00 PM,http://www.redfin.com/CA/San-Francisco/473-Lombard-St-94133/home/1722246,San Francisco MLS,463378,N,Y,37.8029549,-122.4091317
MLS Listing,,Single Family Residential,471 Lombard St,San Francisco,CA,94133,3495000,4,3.5,Telegraph Hill,,3436,1908,6,,,Active,October-7-2017 01:00 PM,October-7-2017 03:00 PM,http://www.redfin.com/CA/San-Francisco/471-Lombard-St-94133/home/108964525,San Francisco MLS,463369,N,Y,37.803025,-122.409142
MLS Listing,,Condo/Co-op,3038 Steiner St,San Francisco,CA,94123,2880000,3,2.0,Cow Hollow,,,1915,6,,,Active,,,http://www.redfin.com/CA/San-Francisco/3038-Steiner-St-94123/home/1632754,San Francisco MLS,463353,N,Y,37.797481,-122.436984
MLS Listing,,Condo/Co-op,2134 24th St,San Francisco,CA,94107,1099000,3,2.0,Potrero Hill,1874,,1907,6,586,,Active,October-5-2017 05:30 PM,October-5-2017 07:30 PM,http://www.redfin.com/CA/San-Francisco/2134-24th-St-94107/home/143941713,San Francisco MLS,463361,N,Y,37.7535112,-122.4012325
MLS Listing,,Condo/Co-op,2272 Bay St,San Francisco,CA,94123,1575000,2,2.0,Marina,,,1935,6,,263,Active,October-8-2017 02:00 PM,October-8-2017 04:00 PM,http://www.redfin.com/CA/San-Francisco/2272-Bay-St-94123/home/848068,San Francisco MLS,463359,N,Y,37.8018312,-122.4444441
MLS Listing,,Condo/Co-op,2132 24th St,San Francisco,CA,94107,799000,2,1.5,Potrero Hill,936,,1907,6,854,,Active,October-5-2017 05:30 PM,October-5-2017 07:30 PM,http://www.redfin.com/CA/San-Francisco/2132-24th-St-94107/home/1985951,San Francisco MLS,463358,N,Y,37.753502,-122.401219
MLS Listing,,Condo/Co-op,943 Church St Unit B,San Francisco,CA,94114,2795000,3,3.0,Eureka Valley/Dolore,2451,,,6,1140,350,Active,October-5-2017 05:00 PM,October-5-2017 07:00 PM,http://www.redfin.com/CA/San-Francisco/943-Church-St-94114/unit-B/home/714880,San Francisco MLS,463326,N,Y,37.7558198,-122.4275288
MLS Listing,,Single Family Residential,342 Point Lobos Ave,San Francisco,CA,94121,1098000,3,2.0,Outer Richmond,1276,2649,1942,6,861,,Active,October-6-2017 05:30 PM,October-6-2017 07:00 PM,http://www.redfin.com/CA/San-Francisco/342-Point-Lobos-Ave-94121/home/1812554,San Francisco MLS,463087,N,Y,37.7801906,-122.5069815
MLS Listing,,Condo/Co-op,1591 Jackson St #18,San Francisco,CA,94109,795000,1,1.0,Nob Hill,907,,1986,6,877,606,Active,October-5-2017 05:30 PM,October-5-2017 07:00 PM,http://www.redfin.com/CA/San-Francisco/1591-Jackson-St-94109/unit-18/home/17059079,San Francisco MLS,463332,N,Y,37.7939575,-122.4210895
MLS Listing,,Condo/Co-op,3823 Clay St,San Francisco,CA,94118,1750000,3,2.0,Presidio Heights,1700,,1904,6,1029,256,Active,October-7-2017 02:00 PM,October-7-2017 04:00 PM,http://www.redfin.com/CA/San-Francisco/3823-Clay-St-94118/home/970317,San Francisco MLS,463354,N,Y,37.78773,-122.455826
MLS Listing,,Townhouse,733 Filbert St #3,San Francisco,CA,94133,1195000,2,2.0,North Beach,1168,,1993,6,1023,550,Active,October-8-2017 02:00 PM,October-8-2017 04:00 PM,http://www.redfin.com/CA/San-Francisco/733-Filbert-St-94133/unit-3/home/1998730,San Francisco MLS,463324,N,Y,37.8008919,-122.4119691
MLS Listing,,Condo/Co-op,601 4th St #310,San Francisco,CA,94107,1150000,1,1.0,South Beach,1229,,1916,6,936,520,Active,,,http://www.redfin.com/CA/San-Francisco/601-4th-St-94107/unit-310/home/12396135,San Francisco MLS,463248,N,Y,37.7782095,-122.3958387
MLS Listing,,Single Family Residential,107 De Soto St,San Francisco,CA,94127,2495000,6,4.5,Ingleside Terrace,3417,5959,1925,6,730,,Active,October-5-2017 05:00 PM,October-5-2017 07:00 PM,http://www.redfin.com/CA/San-Francisco/107-De-Soto-St-94127/home/1728597,San Francisco MLS,463024,N,Y,37.7235812,-122.4658026
MLS Listing,,Condo/Co-op,50 Lucerne St #6,San Francisco,CA,94103,1159000,2,2.0,South of Market,1657,,1995,6,699,518,Active,October-5-2017 05:30 PM,October-5-2017 06:30 PM,http://www.redfin.com/CA/San-Francisco/50-Lucerne-St-94103/unit-6/home/1879146,San Francisco MLS,463233,N,Y,37.7733436,-122.4015372
MLS Listing,,Condo/Co-op,1701 Pierce St #3,San Francisco,CA,94115,1395000,2,2.0,Lower Pacific Height,1491,,1996,6,936,300,Active,October-8-2017 02:00 PM,October-8-2017 04:00 PM,http://www.redfin.com/CA/San-Francisco/1701-Pierce-St-94115/unit-3/home/1859164,San Francisco MLS,463351,N,Y,37.7858315,-122.4367748
MLS Listing,,Condo/Co-op,2655 Bush St #301,San Francisco,CA,94115,1795000,3,2.0,Lower Pacific Height,1600,,2017,6,1122,951,Active,October-7-2017 11:00 AM,October-7-2017 04:00 PM,http://www.redfin.com/CA/San-Francisco/2655-Bush-St-94115/unit-301/home/104434829,San Francisco MLS,463355,N,Y,37.7858334,-122.4406677
MLS Listing,,Condo/Co-op,55 Dolores St #4,San Francisco,CA,94103,1295000,2,1.5,Mission Dolores,,,,6,,,Active,,,http://www.redfin.com/CA/San-Francisco/55-Dolores-St-94103/unit-4/home/143940488,San Francisco MLS,463236,N,Y,37.7684009,-122.4265406
MLS Listing,,Single Family Residential,468 Valley St,San Francisco,CA,94131,1299000,1,1.0,Noe Valley,1175,2848,1910,6,1106,,Active,,,http://www.redfin.com/CA/San-Francisco/468-Valley-St-94131/home/1105055,San Francisco MLS,463345,N,Y,37.744382,-122.432695
MLS Listing,,Single Family Residential,2230 Green St,San Francisco,CA,94123,11550000,6,5.0,Pacific Heights,6400,,1910,6,1805,,Active,,,http://www.redfin.com/CA/San-Francisco/2230-Green-St-94123/home/561339,San Francisco MLS,462554,N,Y,37.7963639,-122.435937
MLS Listing,,Single Family Residential,1622 35th Ave,San Francisco,CA,94122,1349000,5,2.0,Central Sunset,2410,2996,1940,6,560,,Active,October-8-2017 02:00 PM,October-8-2017 04:00 PM,http://www.redfin.com/CA/San-Francisco/1622-35th-Ave-94122/home/637068,San Francisco MLS,463282,N,Y,37.7567416,-122.4935997
MLS Listing,,Condo/Co-op,1200 California Unit 5D,San Francisco,CA,94109,2195000,2,2.0,Nob Hill,1850,,1962,6,1186,2249,Active,,,http://www.redfin.com/CA/San-Francisco/1200-California-St-94109/unit-5D/home/12400720,San Francisco MLS,463348,N,Y,37.791656,-122.4145259
MLS Listing,,Single Family Residential,20 Stratford Dr,San Francisco,CA,94132,1095000,4,3.0,Lakeside,,,1941,6,,,Active,October-7-2017 02:00 PM,October-7-2017 04:00 PM,http://www.redfin.com/CA/San-Francisco/20-Stratford-Dr-94132/home/834610,San Francisco MLS,463163,N,Y,37.724082,-122.47365
MLS Listing,,Condo/Co-op,246 2nd St #1307,San Francisco,CA,94105,1149000,2,2.0,Yerba Buena,1047,,2000,6,1097,617,Active,,,http://www.redfin.com/CA/San-Francisco/246-2nd-St-94105/unit-1307/home/918121,San Francisco MLS,463347,N,Y,37.7857744,-122.3973657
MLS Listing,,Condo/Co-op,2079 Golden Gate Ave,San Francisco,CA,94117,1195000,2,2.0,North Panhandle,1665,,1900,6,718,350,Active,October-7-2017 02:00 PM,October-7-2017 04:00 PM,http://www.redfin.com/CA/San-Francisco/2079-Golden-Gate-Ave-94115/home/110051762,San Francisco MLS,463346,N,Y,37.7777339,-122.4447062
MLS Listing,,Condo/Co-op,425 1st St #1305,San Francisco,CA,94105,875000,1,1.0,South Beach,710,,2008,6,1232,918,Active,,,http://www.redfin.com/CA/San-Francisco/425-1st-St-94105/unit-1305/home/17305689,San Francisco MLS,463247,N,Y,37.7861411,-122.392459
MLS Listing,,Single Family Residential,1946 Quesada Ave,San Francisco,CA,94124,1275000,4,2.0,Silver Terrace,1885,2495,1928,6,676,,Active,October-7-2017 02:00 PM,October-7-2017 05:00 PM,http://www.redfin.com/CA/San-Francisco/1946-Quesada-Ave-94124/home/1103769,San Francisco MLS,463342,N,Y,37.7361398,-122.3959629
MLS Listing,,Condo/Co-op,2828 Greenwich St #7,San Francisco,CA,94123,1195000,2,1.0,Cow Hollow,,,1960,6,,386,Active,,,http://www.redfin.com/CA/San-Francisco/2828-Greenwich-St-94123/unit-7/home/143945461,San Francisco MLS,463239,N,Y,37.7978065,-122.4463304
MLS Listing,,Single Family Residential,572 Anderson St,San Francisco,CA,94110,895000,3,1.0,Bernal Heights,,1750,1907,6,,,Active,October-5-2017 05:30 PM,October-5-2017 07:00 PM,http://www.redfin.com/CA/San-Francisco/572-Anderson-St-94110/home/1495831,San Francisco MLS,463303,N,Y,37.7362687,-122.4156085
MLS Listing,,Condo/Co-op,401 Harrison St Unit 31D,San Francisco,CA,94105,2588000,2,2.0,South Beach,,,2014,6,,1243,Active,,,http://www.redfin.com/CA/San-Francisco/401-Harrison-St-94105/unit-31D/home/113617381,San Francisco MLS,463337,N,Y,37.7863987,-122.3920534
MLS Listing,,Condo/Co-op,1177 California St #1525,San Francisco,CA,94108,759000,1,1.0,Nob Hill,653,,1978,6,1162,869,Active,October-5-2017 11:00 AM,October-5-2017 11:30 AM,http://www.redfin.com/CA/San-Francisco/1177-California-St-94108/unit-1525/home/113246909,San Francisco MLS,463202,N,Y,37.7910302,-122.4137217
MLS Listing,,Condo/Co-op,601 Van Ness Ave #802,San Francisco,CA,94102,659000,1,1.0,Van Ness/Civic Center,676,,1982,6,975,777,Active,,,http://www.redfin.com/CA/San-Francisco/601-Van-Ness-Ave-94102/unit-802/home/951854,San Francisco MLS,462607,N,Y,37.7811165,-122.4213309
MLS Listing,,Single Family Residential,1615 Church St,San Francisco,CA,94131,1549000,2,1.0,Noe Valley,1225,2500,1905,6,1264,,Active,October-5-2017 05:30 PM,October-5-2017 07:30 PM,http://www.redfin.com/CA/San-Francisco/1615-Church-St-94131/home/1142152,San Francisco MLS,463335,N,Y,37.744779,-122.426456
MLS Listing,,Multi-Family (5+ Unit),824 Hyde St,San Francisco,CA,94109,3395000,8,,Downtown,7480,2813,,6,454,,Active,,,http://www.redfin.com/CA/San-Francisco/824-Hyde-St-94109/home/1919780,San Francisco MLS,463331,N,Y,37.788579,-122.416592
MLS Listing,,Condo/Co-op,1788 Clay St #710,San Francisco,CA,94109,1350000,2,2.0,Nob Hill,956,,2014,6,1412,654,Active,October-5-2017 05:00 PM,October-5-2017 06:30 PM,http://www.redfin.com/CA/San-Francisco/1788-Clay-St-94109/unit-710/home/55244685,San Francisco MLS,463330,N,Y,37.7924992,-122.4222352
MLS Listing,,Single Family Residential,469 Oxford St,San Francisco,CA,94134,1259000,3,3.0,Portola,1703,3000,1955,6,739,,Active,October-5-2017 06:00 PM,October-5-2017 07:00 PM,http://www.redfin.com/CA/San-Francisco/469-Oxford-St-94134/home/2014473,San Francisco MLS,463201,N,Y,37.7241677,-122.4184763
MLS Listing,,Condo/Co-op,2250 24th St #119,San Francisco,CA,94107,710000,2,1.0,Potrero Hill,802,,1989,6,885,501,Active,,,http://www.redfin.com/CA/San-Francisco/2250-24th-St-94107/unit-119/home/1064605,San Francisco MLS,463333,N,Y,37.7533831,-122.4021236
MLS Listing,,Condo/Co-op,808 Haight St,San Francisco,CA,94117,1295000,3,2.0,Hayes Valley,1515,,1895,6,855,433,Active,October-7-2017 01:00 PM,October-7-2017 04:00 PM,http://www.redfin.com/CA/San-Francisco/808-Haight-St-94117/home/52059320,San Francisco MLS,463097,N,Y,37.771658,-122.435662
MLS Listing,,Condo/Co-op,239 Brannan St Unit 5A,San Francisco,CA,94107,1675000,2,2.0,South Beach,1279,,2002,6,1310,1106,Active,October-5-2017 06:00 PM,October-5-2017 07:00 PM,http://www.redfin.com/CA/San-Francisco/239-Brannan-St-94107/unit-5A/home/853662,San Francisco MLS,462565,N,Y,37.782646,-122.390388
MLS Listing,,Condo/Co-op,1 Daniel Burnham Ct #812,San Francisco,CA,94109,1098000,2,2.0,Van Ness/Civic Center,1131,,1988,6,971,868,Active,October-8-2017 02:00 PM,October-8-2017 04:00 PM,http://www.redfin.com/CA/San-Francisco/1-Daniel-Burnham-Ct-94109/unit-812/home/1323173,San Francisco MLS,461611,N,Y,37.7867744,-122.4224906
MLS Listing,,Single Family Residential,3643 20th St,San Francisco,CA,94110,1595000,2,1.0,Eureka Valley/Dolore,1250,2874,1900,6,1276,,Active,October-5-2017 05:00 PM,October-5-2017 07:00 PM,http://www.redfin.com/CA/San-Francisco/3643-20th-St-94110/home/1848758,San Francisco MLS,463323,N,Y,37.758197,-122.422245
MLS Listing,,Single Family Residential,211 Anderson St,San Francisco,CA,94110,1749000,4,3.0,Bernal Heights,1918,1746,1909,6,912,,Active,October-5-2017 05:30 PM,October-5-2017 07:00 PM,http://www.redfin.com/CA/San-Francisco/211-Anderson-St-94110/home/759434,San Francisco MLS,461239,N,Y,37.7400836,-122.4150272
MLS Listing,,Condo/Co-op,451 Kansas St #526,San Francisco,CA,94107,1195000,2,2.0,Potrero Hill,972,,2007,6,1229,555,Active,October-5-2017 05:30 PM,October-5-2017 06:30 PM,http://www.redfin.com/CA/San-Francisco/451-Kansas-St-94107/unit-000526/home/22895387,San Francisco MLS,462150,N,Y,37.7638443,-122.4029888
MLS Listing,,Condo/Co-op,325 China Basin St #205,San Francisco,CA,94158,1199000,2,2.0,Mission Bay,1313,,2008,6,913,877,Active,October-5-2017 05:00 PM,October-5-2017 06:30 PM,http://www.redfin.com/CA/San-Francisco/325-China-Basin-St-94158/unit-205/home/21966143,San Francisco MLS,463329,N,Y,37.7719368,-122.3874363
MLS Listing,,Single Family Residential,16 Sea Cliff Ave,San Francisco,CA,94121,5500000,4,4.5,Sea Cliff,4050,6926,1916,6,1358,,Active,October-8-2017 11:30 AM,October-8-2017 01:00 PM,http://www.redfin.com/CA/San-Francisco/16-Sea-Cliff-Ave-94121/home/604248,San Francisco MLS,463220,N,Y,37.7891321,-122.4849727
MLS Listing,,Single Family Residential,2306 41st Ave,San Francisco,CA,94116,799000,2,1.0,Outer Parkside,1030,1746,1955,6,776,,Active,October-5-2017 05:30 PM,October-5-2017 07:00 PM,http://www.redfin.com/CA/San-Francisco/2306-41st-Ave-94116/home/1262637,San Francisco MLS,463140,N,Y,37.7436671,-122.499136
MLS Listing,,Single Family Residential,17 Bennington St,San Francisco,CA,94110,1495000,4,2.5,Bernal Heights,1630,1715,1906,6,917,,Active,,,http://www.redfin.com/CA/San-Francisco/17-Bennington-St-94110/home/1821591,San Francisco MLS,463227,N,Y,37.7399306,-122.4175268
MLS Listing,,Condo/Co-op,1490 Ocean Ave #204,San Francisco,CA,94112,1150000,2,2.0,Ingleside,1099,,2017,6,1046,667,Active,,,http://www.redfin.com/CA/San-Francisco/1490-Ocean-Ave-94112/unit-204/home/113746849,San Francisco MLS,463308,N,Y,37.7245631,-122.4578145
MLS Listing,,Single Family Residential,445 Douglass St,San Francisco,CA,94114,2995000,4,3.5,Eureka Valley/Dolore,2713,3250,1906,6,1104,,Active,October-8-2017 01:00 PM,October-8-2017 04:00 PM,http://www.redfin.com/CA/San-Francisco/445-Douglass-St-94114/home/1299691,San Francisco MLS,463317,N,Y,37.756503,-122.438645
MLS Listing,,Condo/Co-op,2341 Franklin St #3,San Francisco,CA,94123,1250000,2,1.0,Pacific Heights,1306,,1927,6,957,425,Active,October-7-2017 10:00 AM,October-7-2017 12:00 PM,http://www.redfin.com/CA/San-Francisco/2341-Franklin-St-94123/unit-3/home/1747466,San Francisco MLS,463213,N,Y,37.7960939,-122.425502
MLS Listing,,Single Family Residential,900 Sloat Blvd,San Francisco,CA,94132,1495000,4,2.5,Pine Lake Park,2153,,1948,6,694,,Active,October-8-2017 02:00 PM,October-8-2017 04:00 PM,http://www.redfin.com/CA/San-Francisco/900-Sloat-Blvd-94132/home/1316073,San Francisco MLS,463240,N,Y,37.7346859,-122.4817444
MLS Listing,,Condo/Co-op,2 Mint Plz #404,San Francisco,CA,94103,750000,1,1.0,South of Market,631,,1926,6,1189,669,Active,October-7-2017 02:00 PM,October-7-2017 04:00 PM,http://www.redfin.com/CA/San-Francisco/2-Mint-Plz-94103/unit-404/home/17305261,San Francisco MLS,461383,N,Y,37.783128,-122.4077633
MLS Listing,,Single Family Residential,2275 47th Ave,San Francisco,CA,94116,1425000,4,2.5,Outer Parkside,2190,2996,1962,6,651,,Active,October-5-2017 05:30 PM,October-5-2017 07:00 PM,http://www.redfin.com/CA/San-Francisco/2275-47th-Ave-94116/home/654641,San Francisco MLS,463275,N,Y,37.7440812,-122.5061172
MLS Listing,,Condo/Co-op,2001 McAllister St #215,San Francisco,CA,94118,995000,2,2.0,North Panhandle,1041,,2002,6,956,640,Active,October-5-2017 05:00 PM,October-5-2017 06:30 PM,http://www.redfin.com/CA/San-Francisco/2001-McAllister-St-94118/unit-215/home/12399954,San Francisco MLS,463279,N,Y,37.7764125,-122.4458463
MLS Listing,,Single Family Residential,1143 Jackson St,San Francisco,CA,94133,1688000,4,2.5,Nob Hill,2213,2886,1957,6,763,,Active,October-5-2017 04:00 PM,October-5-2017 06:00 PM,http://www.redfin.com/CA/San-Francisco/1143-Jackson-St-94133/home/1088741,San Francisco MLS,461284,N,Y,37.794896,-122.413862
MLS Listing,,Multi-Family (2-4 Unit),1143-1145 Jackson St,San Francisco,CA,94133,1688000,4,2.5,Nob Hill,2213,2886,1957,6,763,,Active,October-5-2017 04:00 PM,October-5-2017 06:00 PM,http://www.redfin.com/CA/San-Francisco/1145-Jackson-St-94133/home/21966280,San Francisco MLS,461283,N,Y,37.794896,-122.413862
MLS Listing,,Condo/Co-op,77 Jersey St,San Francisco,CA,94114,1349000,3,1.0,Noe Valley,1344,,1918,6,1004,473,Active,October-5-2017 05:30 PM,October-5-2017 07:00 PM,http://www.redfin.com/CA/San-Francisco/77-Jersey-St-94114/home/1283312,San Francisco MLS,463288,N,Y,37.750687,-122.426753
MLS Listing,,Condo/Co-op,201 Folsom St Unit 35C,San Francisco,CA,94105,2450000,2,2.0,South Beach,1495,,2017,6,1639,1119,Active,October-5-2017 11:00 AM,October-5-2017 05:00 PM,http://www.redfin.com/CA/San-Francisco/201-Folsom-St-94105/unit-35C/home/143938141,San Francisco MLS,463325,N,Y,37.7886997,-122.39226
MLS Listing,,Condo/Co-op,355 Buena Vista Ave Unit 404W,San Francisco,CA,94117,1549000,2,2.0,Buena Vista Park,,,1986,6,,765,Active,October-5-2017 06:00 PM,October-5-2017 08:00 PM,http://www.redfin.com/CA/San-Francisco/355-Buena-Vista-Ave-E-94117/unit-404W/home/668391,San Francisco MLS,463251,N,Y,37.7672707,-122.4399843
MLS Listing,,Condo/Co-op,1490 Ocean Ave #203,San Francisco,CA,94112,1330000,3,2.0,Ingleside,1319,,2017,6,1008,798,Active,,,http://www.redfin.com/CA/San-Francisco/1490-Ocean-Ave-94112/unit-203/home/143937972,San Francisco MLS,463318,N,Y,37.7246063,-122.4578161
MLS Listing,,Condo/Co-op,325 Berry St #403,San Francisco,CA,94158,999000,1,1.0,Mission Bay,918,,2007,6,1088,567,Active,,,http://www.redfin.com/CA/San-Francisco/325-Berry-St-94158/unit-403/home/17304335,San Francisco MLS,463074,N,Y,37.7734128,-122.3957474
MLS Listing,,Single Family Residential,48 Athens St,San Francisco,CA,94112,749000,2,1.0,Excelsior,1050,3746,1939,6,713,,Active,October-7-2017 02:00 PM,October-7-2017 04:00 PM,http://www.redfin.com/CA/San-Francisco/48-Athens-St-94112/home/771802,San Francisco MLS,463219,N,Y,37.7273618,-122.4244946
MLS Listing,,Condo/Co-op,144 Dore St,San Francisco,CA,94103,995000,2,1.0,South of Market,,,1907,6,,346,Active,October-5-2017 05:30 PM,October-5-2017 07:00 PM,http://www.redfin.com/CA/San-Francisco/144-Dore-St-94103/home/1247179,San Francisco MLS,463229,N,Y,37.7726798,-122.4117415
MLS Listing,,Single Family Residential,198 Pope St,SAN FRANCISCO,CA,94112,795000,3,2.0,SAN FRANCISCO,1325,1751,1963,6,600,,Active,,,http://www.redfin.com/CA/San-Francisco/198-Pope-St-94112/home/1379761,MLSListings,ML81679742,N,Y,37.7126682,-122.4408041
MLS Listing,,Single Family Residential,60 A Russell St,San Francisco,CA,94109,1195000,3,2.5,Russian Hill,,,,6,,,Active,October-7-2017 10:00 AM,October-7-2017 12:30 PM,http://www.redfin.com/CA/San-Francisco/60-Russell-St-94109/home/920625,San Francisco MLS,463271,N,Y,37.7987036,-122.4198403
MLS Listing,,Single Family Residential,4021 Folsom St,San Francisco,CA,94110,875000,2,1.0,Bernal Heights,960,1341,1900,6,911,,Active,October-7-2017 01:00 PM,October-7-2017 03:00 PM,http://www.redfin.com/CA/San-Francisco/4021-Folsom-St-94110/home/1362528,San Francisco MLS,463199,N,Y,37.7364158,-122.4133847
MLS Listing,,Condo/Co-op,26 c Dorado Ter #3,San Francisco,CA,94112,1300000,4,2.0,Mount Davidson Manor,1844,,1994,6,705,,Active,October-8-2017 01:00 PM,October-8-2017 03:00 PM,http://www.redfin.com/CA/San-Francisco/26C-Dorado-Ter-94112/unit-3/home/143937484,San Francisco MLS,463149,N,Y,37.725923,-122.460546
MLS Listing,,Single Family Residential,1627 24th Ave,San Francisco,CA,94122,1295000,4,3.0,Central Sunset,1948,2996,1927,6,665,,Active,October-8-2017 02:00 PM,October-8-2017 04:00 PM,http://www.redfin.com/CA/San-Francisco/1627-24th-Ave-94122/home/1872871,San Francisco MLS,463193,N,Y,37.7571763,-122.4823088
MLS Listing,,Multi-Family (2-4 Unit),329-331 Prospect St,San Francisco,CA,94110,1900000,4,3.0,Bernal Heights,1600,1797,1911,6,1188,,Active,October-7-2017 02:00 PM,October-7-2017 04:00 PM,http://www.redfin.com/CA/San-Francisco/329-Prospect-Ave-94110/home/1583506,San Francisco MLS,463264,N,Y,37.74087,-122.420187
MLS Listing,,Single Family Residential,714 Chenery St,San Francisco,CA,94131,1895000,4,4.0,Glen Park,2414,2927,1951,6,785,,Active,October-7-2017 01:00 PM,October-7-2017 04:00 PM,http://www.redfin.com/CA/San-Francisco/714-Chenery-St-94131/home/1528016,San Francisco MLS,463091,N,Y,37.7346834,-122.43437
MLS Listing,,Condo/Co-op,735 Geary St #101,San Francisco,CA,94109,669000,1,1.0,Downtown,,,1922,6,,385,Active,October-7-2017 02:00 PM,October-7-2017 04:00 PM,http://www.redfin.com/CA/San-Francisco/735-Geary-St-94109/unit-101/home/100381754,San Francisco MLS,463321,N,Y,37.7863112,-122.4155014
MLS Listing,,Multi-Family (2-4 Unit),,San Francisco,CA,94118,1790000,4,2.0,Central Richmond,3008,2495,1921,7,595,,Active,October-8-2017 02:00 PM,October-8-2017 05:00 PM,http://www.redfin.com/CA/San-Francisco/Undisclosed-address-94118/home/619514,San Francisco MLS,463322,N,Y,37.776459,-122.475598
MLS Listing,,Single Family Residential,658 Cayuga Ave,San Francisco,CA,94112,1049000,3,1.0,Mission Terrace,1350,2495,1941,7,777,,Active,October-5-2017 05:30 PM,October-5-2017 07:30 PM,http://www.redfin.com/CA/San-Francisco/658-Cayuga-Ave-94112/home/1592525,San Francisco MLS,463266,N,Y,37.7279144,-122.4366363
MLS Listing,,Single Family Residential,839 Bowdoin St,San Francisco,CA,94134,915000,2,2.0,Portola,1576,3750,1958,7,581,,Active,October-8-2017 02:00 PM,October-8-2017 04:00 PM,http://www.redfin.com/CA/San-Francisco/839-Bowdoin-St-94134/home/1918066,San Francisco MLS,463319,N,Y,37.7253584,-122.4101213
MLS Listing,,Townhouse,7 Burnett Ave N #2,San Francisco,CA,94131,1850000,3,2.0,Twin Peaks,2531,,1983,7,731,945,Active,,,http://www.redfin.com/CA/San-Francisco/7-Burnett-Ave-N-94131/unit-2/home/102820940,San Francisco MLS,463293,N,Y,37.7565997,-122.4442595
MLS Listing,,Single Family Residential,3319 Clay St,San Francisco,CA,94118,4350000,4,4.5,Presidio Heights,3355,,1910,7,1297,,Active,October-5-2017 05:30 PM,October-5-2017 07:00 PM,http://www.redfin.com/CA/San-Francisco/3319-Clay-St-94118/home/1909782,San Francisco MLS,461116,N,Y,37.7888235,-122.4474726
MLS Listing,,Single Family Residential,415 17th Ave,San Francisco,CA,94121,1695000,4,2.5,Central Richmond,2240,2063,1915,7,757,,Active,October-5-2017 06:00 PM,October-5-2017 08:00 PM,http://www.redfin.com/CA/San-Francisco/415-17th-Ave-94121/home/613204,San Francisco MLS,463313,N,Y,37.7800708,-122.4763968
MLS Listing,,Single Family Residential,640 45th Ave,San Francisco,CA,94121,988999,2,2.0,Outer Richmond,1277,1006,2003,7,774,,Active,October-5-2017 05:30 PM,October-5-2017 07:00 PM,http://www.redfin.com/CA/San-Francisco/640-45th-Ave-94121/home/620303,San Francisco MLS,463312,N,Y,37.776255,-122.5058545
MLS Listing,,Single Family Residential,601 Fell St,San Francisco,CA,94102,748000,3,1.0,Hayes Valley,1240,1049,1873,7,603,,Active,,,http://www.redfin.com/CA/San-Francisco/601-Fell-St-94102/home/1252314,San Francisco MLS,463310,N,Y,37.775116,-122.427828
MLS Listing,,Condo/Co-op,321 Langton St #11,San Francisco,CA,94103,899000,2,2.0,South of Market,1180,,1999,7,762,369,Active,October-7-2017 02:00 PM,October-7-2017 04:00 PM,http://www.redfin.com/CA/San-Francisco/321-Langton-St-94103/unit-11/home/12396226,San Francisco MLS,463164,N,Y,37.7736343,-122.4047498
MLS Listing,,Single Family Residential,1948 Sutter St,San Francisco,CA,94115,3400000,4,3.5,Lower Pacific Height,2980,4120,1900,7,1141,,Active,October-5-2017 05:00 PM,October-5-2017 06:00 PM,http://www.redfin.com/CA/San-Francisco/1948-Sutter-St-94115/home/1268887,San Francisco MLS,463263,N,Y,37.7864765,-122.4324679
MLS Listing,,Single Family Residential,25 Clover St,San Francisco,CA,94114,2695000,4,2.5,Eureka Valley/Dolore,,2500,1921,7,,,Active,October-5-2017 05:30 PM,October-5-2017 07:00 PM,http://www.redfin.com/CA/San-Francisco/25-Clover-St-94114/home/1938750,San Francisco MLS,463306,N,Y,37.7601126,-122.4413444
MLS Listing,,Single Family Residential,355 Santa Ana Ave,San Francisco,CA,94127,2750000,4,5.5,Balboa Terrace,3305,5222,1927,7,832,,Active,October-7-2017 02:00 PM,October-7-2017 04:00 PM,http://www.redfin.com/CA/San-Francisco/355-Santa-Ana-Ave-94127/home/1694453,San Francisco MLS,463216,N,Y,37.7304162,-122.4678016
MLS Listing,,Condo/Co-op,1 Crescent Way #1209,SAN FRANCISCO,CA,94134,788000,2,2.0,SAN FRANCISCO,1063,42105,2001,7,741,476,Active,,,http://www.redfin.com/CA/San-Francisco/1-Crescent-Way-94134/unit-1209/home/22879443,MLSListings,ML81679678,N,Y,37.71084,-122.390181
MLS Listing,,Single Family Residential,230 Molimo Dr,San Francisco,CA,94127,799000,2,1.0,Miraloma Park,918,2866,1954,7,870,,Active,October-8-2017 02:00 PM,October-8-2017 04:00 PM,http://www.redfin.com/CA/San-Francisco/230-Molimo-Dr-94127/home/1653237,San Francisco MLS,463189,N,Y,37.7370683,-122.4499235
MLS Listing,,Condo/Co-op,348 Church St #301,San Francisco,CA,94114,1199000,2,2.0,Eureka Valley/Dolore,,,1995,7,,403,Active,October-7-2017 01:00 PM,October-7-2017 04:00 PM,http://www.redfin.com/CA/San-Francisco/348-Church-St-94114/unit-301/home/1985657,San Francisco MLS,463294,N,Y,37.765397,-122.4290488
MLS Listing,,Condo/Co-op,317 Harriet St #25,San Francisco,CA,94103,999000,2,2.0,South of Market,1535,,2001,7,651,563,Active,,,http://www.redfin.com/CA/San-Francisco/317-Harriet-St-94103/unit-25/home/877346,San Francisco MLS,463250,N,Y,37.7754659,-122.4024177
MLS Listing,,Condo/Co-op,844 Shrader St,San Francisco,CA,94117,2795000,4,3.0,Parnassus/Ashbury Heights,3246,,1906,7,861,250,Active,October-8-2017 02:00 PM,October-8-2017 04:00 PM,http://www.redfin.com/CA/San-Francisco/844-Shrader-St-94117/home/1974856,San Francisco MLS,463291,N,Y,37.7669333,-122.451148
MLS Listing,,Condo/Co-op,60 Rausch St #406,San Francisco,CA,94103,1199000,2,1.5,South of Market,1200,,2002,7,999,464,Active,October-8-2017 01:00 PM,October-8-2017 04:00 PM,http://www.redfin.com/CA/San-Francisco/60-Rausch-St-94103/unit-406/home/12398785,San Francisco MLS,463290,N,Y,37.7761423,-122.4096951
MLS Listing,,Condo/Co-op,80 Richland Ave Unit B,San Francisco,CA,94110,1348000,3,2.0,Bernal Heights,2120,,2006,7,636,300,Active,October-5-2017 05:30 PM,October-5-2017 07:00 PM,http://www.redfin.com/CA/San-Francisco/80-Richland-Ave-94110/unit-B/home/28935847,San Francisco MLS,462930,N,Y,37.735772,-122.425172
MLS Listing,,Single Family Residential,500 Dellbrook Ave,San Francisco,CA,94131,1095000,3,2.0,Midtown Terrace,1200,5998,1962,7,913,,Active,October-7-2017 01:00 PM,October-7-2017 04:00 PM,http://www.redfin.com/CA/San-Francisco/500-Dellbrook-Ave-94131/home/679155,San Francisco MLS,463089,N,Y,37.7550308,-122.4540034
MLS Listing,,Single Family Residential,1352 Alemany Blvd,San Francisco,CA,94112,699000,1,2.0,Mission Terrace,1066,1080,1939,7,656,,Active,October-7-2017 01:00 PM,October-7-2017 04:00 PM,http://www.redfin.com/CA/San-Francisco/1352-Alemany-Blvd-94112/home/1346072,San Francisco MLS,463143,N,Y,37.7300268,-122.43342
MLS Listing,,Single Family Residential,809 Scott St,San Francisco,CA,94117,3650000,4,3.5,Alamo Square,4274,3998,1888,7,854,,Active,October-8-2017 02:00 PM,October-8-2017 04:00 PM,http://www.redfin.com/CA/San-Francisco/809-Scott-St-94117/home/595785,San Francisco MLS,463186,N,Y,37.777373,-122.4368063
MLS Listing,,Single Family Residential,2361 Broadway St,San Francisco,CA,94115,7800000,5,3.5,Pacific Heights,5375,,1914,7,1451,,Active,,,http://www.redfin.com/CA/San-Francisco/2361-Broadway-94115/home/564039,San Francisco MLS,463128,N,Y,37.793841,-122.435907
MLS Listing,,Condo/Co-op,2476 Sutter St #4,San Francisco,CA,94115,995000,2,2.0,Lower Pacific Height,1125,,1980,7,884,275,Active,,,http://www.redfin.com/CA/San-Francisco/2476-Sutter-St-94115/unit-4/home/591734,San Francisco MLS,463257,N,Y,37.7853031,-122.4410782
MLS Listing,,Multi-Family (2-4 Unit),1626-1628 Folsom St,San Francisco,CA,94114,1998000,3,3.0,South of Market,3005,2188,1906,7,665,,Active,October-5-2017 05:00 PM,October-5-2017 07:00 PM,http://www.redfin.com/CA/San-Francisco/1628-Folsom-St-94103/home/143935686,San Francisco MLS,463151,N,Y,37.7706139,-122.4155173
MLS Listing,,Condo/Co-op,1452 Bush St #4,San Francisco,CA,94109,1050000,2,2.5,Van Ness/Civic Center,1298,,2004,7,809,592,Active,October-5-2017 05:30 PM,October-5-2017 06:30 PM,http://www.redfin.com/CA/San-Francisco/1452-Bush-St-94109/unit-4/home/1458814,San Francisco MLS,463252,N,Y,37.7888368,-122.4212749
MLS Listing,,Condo/Co-op,260 King #617,San Francisco,CA,94107,669000,1,1.0,Mission Bay,759,,2005,7,881,728,Active,October-7-2017 02:00 PM,October-7-2017 04:00 PM,http://www.redfin.com/CA/San-Francisco/260-King-St-94107/unit-617/home/11743401,San Francisco MLS,463169,N,Y,37.7772049,-122.3940134
MLS Listing,,Condo/Co-op,4711 18th St,San Francisco,CA,94114,1495000,3,2.0,Eureka Valley/Dolore,1560,,1940,7,958,200,Active,October-5-2017 05:00 PM,October-5-2017 06:00 PM,http://www.redfin.com/CA/San-Francisco/4711-18th-St-94114/home/28963297,San Francisco MLS,462637,N,Y,37.760042,-122.443529
MLS Listing,,Condo/Co-op,10 Mint Plz #4,San Francisco,CA,94103,1390000,2,2.0,South of Market,1559,,2006,7,892,1252,Active,October-7-2017 02:00 PM,October-7-2017 04:00 PM,http://www.redfin.com/CA/San-Francisco/10-Mint-Plz-94103/unit-4/home/11743333,San Francisco MLS,462584,N,Y,37.7828787,-122.408096
MLS Listing,,Condo/Co-op,1045 South Van Ness Ave #301,San Francisco,CA,94110,1345000,3,2.0,Inner Mission,1653,,1991,8,814,550,Active,,,http://www.redfin.com/CA/San-Francisco/1045-S-Van-Ness-Ave-94110/unit-301/home/714572,San Francisco MLS,462572,N,Y,37.7564925,-122.4164278
MLS Listing,,Single Family Residential,501 Day St,San Francisco,CA,94131,1549000,2,2.0,Noe Valley,1567,2779,1949,8,989,,Active,October-7-2017 02:00 PM,October-7-2017 04:00 PM,http://www.redfin.com/CA/San-Francisco/501-Day-St-94131/home/843852,San Francisco MLS,463198,N,Y,37.7423739,-122.433502
MLS Listing,,Condo/Co-op,2064 Green St,San Francisco,CA,94123,2675000,2,2.0,Pacific Heights,1834,,1948,8,1459,949,Active,October-8-2017 02:00 PM,October-8-2017 04:00 PM,http://www.redfin.com/CA/San-Francisco/2064-Green-St-94123/home/1268447,San Francisco MLS,463224,N,Y,37.796672,-122.433164
MLS Listing,,Condo/Co-op,722 34th Ave,San Francisco,CA,94121,1250000,5,3.0,Outer Richmond,1950,,1983,8,641,200,Active,,,http://www.redfin.com/CA/San-Francisco/722-34th-Ave-94121/home/52059340,San Francisco MLS,463234,N,Y,37.775389,-122.49374
MLS Listing,,Condo/Co-op,260 King St #439,San Francisco,CA,94107,750000,1,1.0,Mission Bay,850,,2004,8,882,777,Active,October-8-2017 02:00 PM,October-8-2017 04:00 PM,http://www.redfin.com/CA/San-Francisco/260-King-St-94107/unit-439/home/12331103,San Francisco MLS,463232,N,Y,37.7772049,-122.3940134
MLS Listing,,Vacant Land,129 Edgehill Way,San Francisco,CA,94127,695000,,,Forest Hill Extension,,4399,,8,,,Active,,,http://www.redfin.com/CA/San-Francisco/129-Edgehill-Way-94127/home/101682139,San Francisco MLS,463214,N,Y,37.7432132,-122.4600665
MLS Listing,,Condo/Co-op,2230 Mason St Unit M204,San Francisco,CA,94133,949000,1,1.0,North Beach,747,,2001,8,1270,583,Active,,,http://www.redfin.com/CA/San-Francisco/2230-Mason-St-94133/unit-M204/home/1144113,San Francisco MLS,463228,N,Y,37.8043082,-122.413073
MLS Listing,,Condo/Co-op,2299 Market St #202,San Francisco,CA,94114,875000,1,1.0,Eureka Valley/Dolore,,,2013,8,,477,Active,October-7-2017 01:00 PM,October-7-2017 04:00 PM,http://www.redfin.com/CA/San-Francisco/2299-Market-St-94114/unit-202/home/107354015,San Francisco MLS,463134,N,Y,37.7640511,-122.4327369
MLS Listing,,Condo/Co-op,1454 California #6,San Francisco,CA,94109,1049000,2,1.0,Nob Hill,1264,,1909,8,830,400,Active,October-5-2017 05:00 PM,October-5-2017 07:00 PM,http://www.redfin.com/CA/San-Francisco/1454-California-St-94109/unit-6/home/551733,San Francisco MLS,463138,N,Y,37.791171,-122.418364
MLS Listing,,Single Family Residential,173 Brewster St,San Francisco,CA,94110,2395000,3,3.5,Bernal Heights,2455,,2017,8,976,,Active,,,http://www.redfin.com/CA/San-Francisco/173-Brewster-St-94110/home/143931140,San Francisco MLS,463191,N,Y,37.7437984,-122.407339
MLS Listing,,Multi-Family (2-4 Unit),2008-2010 Balboa St,San Francisco,CA,94121,1300000,,,Central Richmond,2670,2500,1920,8,487,,Active,,,http://www.redfin.com/CA/San-Francisco/2010-Balboa-St-94121/home/142821303,San Francisco MLS,463206,N,Y,37.7766133,-122.4805286
MLS Listing,,Single Family Residential,515 Gates St,San Francisco,CA,94110,899000,2,2.0,Bernal Heights,950,1750,1905,8,946,,Active,October-5-2017 05:30 PM,October-5-2017 07:00 PM,http://www.redfin.com/CA/San-Francisco/515-Gates-St-94110/home/2025024,San Francisco MLS,462929,N,Y,37.7367198,-122.4139721
MLS Listing,,Condo/Co-op,480 N Mission Bay Blvd #620,San Francisco,CA,94158,995000,1,1.5,Mission Bay,1130,,2012,8,881,763,Active,,,http://www.redfin.com/CA/San-Francisco/480-Mission-Bay-Blvd-N-94158/unit-620/home/40326443,San Francisco MLS,462430,N,Y,37.7713093,-122.3889778
MLS Listing,,Single Family Residential,6 Hillview Ct,San Francisco,CA,94124,959000,3,2.0,Bayview,1776,1604,1984,8,540,,Active,October-5-2017 05:30 PM,October-5-2017 07:30 PM,http://www.redfin.com/CA/San-Francisco/6-Hillview-Ct-94124/home/1575793,San Francisco MLS,463200,N,Y,37.735607,-122.384551
MLS Listing,,Condo/Co-op,2415 Lake St,San Francisco,CA,94121,1199000,2,1.5,Lake,1300,,1912,8,922,200,Active,October-5-2017 05:00 PM,October-5-2017 07:00 PM,http://www.redfin.com/CA/San-Francisco/2415-Lake-St-94121/home/110052333,San Francisco MLS,463155,N,Y,37.785517,-122.485492
MLS Listing,,Condo/Co-op,2421 16th St #202,San Francisco,CA,94103,1379000,2,2.5,Inner Mission,1208,,2014,9,1142,681,Active,,,http://www.redfin.com/CA/San-Francisco/2421-16th-St-94103/unit-202/home/109315202,San Francisco MLS,463093,N,Y,37.7654907,-122.4107608
MLS Listing,,Condo/Co-op,2121 Webster St #607,San Francisco,CA,94115,3595000,2,2.0,Pacific Heights,1956,,2016,9,1838,1490,Active,,,http://www.redfin.com/CA/San-Francisco/2121-Webster-St-94115/unit-607/home/114065314,San Francisco MLS,463187,N,Y,37.7902213,-122.4329717
MLS Listing,,Single Family Residential,563 38th Ave,San Francisco,CA,94121,1395000,3,2.0,Outer Richmond,1565,3000,1922,9,891,,Active,October-8-2017 02:00 PM,October-8-2017 04:00 PM,http://www.redfin.com/CA/San-Francisco/563-38th-Ave-94121/home/922948,San Francisco MLS,462511,N,Y,37.7782129,-122.4988189
MLS Listing,,Single Family Residential,276 Grand Vw,San Francisco,CA,94114,1490000,1,1.5,Noe Valley,735,2395,1908,9,2027,,Active,,,http://www.redfin.com/CA/San-Francisco/276-Grand-View-Ave-94114/home/674978,San Francisco MLS,463160,N,Y,37.7538259,-122.4417044
MLS Listing,,Single Family Residential,101 Spruce St,San Francisco,CA,94118,7500000,4,4.0,Presidio Heights,,2435,1922,9,,,Active,October-8-2017 01:00 PM,October-8-2017 02:30 PM,http://www.redfin.com/CA/San-Francisco/101-Spruce-St-94118/home/1618260,San Francisco MLS,462885,N,Y,37.7898264,-122.4543542
MLS Listing,,Multi-Family (5+ Unit),2400 Washington St,San Francisco,CA,94115,3990000,5,,Pacific Heights,4880,2539,1900,10,818,,Active,October-5-2017 02:30 PM,October-5-2017 03:30 PM,http://www.redfin.com/CA/San-Francisco/2400-Washington-St-94115/home/143916373,San Francisco MLS,462910,N,Y,37.7918106,-122.432773
MLS Listing,,Condo/Co-op,28 Parker Ave #303,San Francisco,CA,94118,995000,2,2.0,Jordan Park/Laurel Heights,,,,10,,400,Active,,,http://www.redfin.com/CA/San-Francisco/28-Parker-Ave-94118/unit-303/home/40274946,San Francisco MLS,463162,N,Y,37.785653,-122.4544206
MLS Listing,,Single Family Residential,2722 39th Ave,San Francisco,CA,94116,899000,3,1.0,Outer Parkside,1214,2996,1948,10,741,,Active,October-5-2017 05:00 PM,October-5-2017 07:00 PM,http://www.redfin.com/CA/San-Francisco/2722-39th-Ave-94116/home/1916759,San Francisco MLS,461637,N,Y,37.736036,-122.4964272
MLS Listing,,Multi-Family (2-4 Unit),200-206 Peabody St,SAN FRANCISCO,CA,94134,1300000,3,,SAN FRANCISCO,1409,1934,1962,10,923,,Active,,,http://www.redfin.com/CA/San-Francisco/206-Peabody-St-94134/home/137086701,MLSListings,ML81679276,N,Y,37.7094549,-122.4079361
MLS Listing,,Condo/Co-op,241 10th St #307,San Francisco,CA,94103,779000,1,1.0,South of Market,,,2017,10,,556,Active,October-7-2017 11:00 AM,October-7-2017 05:00 PM,http://www.redfin.com/CA/San-Francisco/241-10th-St-94103/unit-307/home/143899359,San Francisco MLS,463153,N,Y,37.7736521,-122.4134394
MLS Listing,,Single Family Residential,121 Peabody St,SAN FRANCISCO,CA,94134,1100000,3,3.0,SAN FRANCISCO,1730,3310,1964,10,636,,Active,,,http://www.redfin.com/CA/San-Francisco/121-Peabody-St-94134/home/1274013,MLSListings,ML81679267,N,Y,37.7107364,-122.407006
MLS Listing,,Townhouse,111 Galewood Cir,San Francisco,CA,94131,1250000,3,2.5,Forest Knolls,2300,1556,1979,10,543,255,Active,October-8-2017 01:00 PM,October-8-2017 03:00 PM,http://www.redfin.com/CA/San-Francisco/111-Galewood-Cir-94131/home/1532450,San Francisco MLS,462967,N,Y,37.7520066,-122.4566832
MLS Listing,,Condo/Co-op,461 2nd St Unit C322,San Francisco,CA,94107,995000,1,2.0,South Beach,1524,,1907,10,653,630,Active,,,http://www.redfin.com/CA/San-Francisco/461-2nd-St-94107/unit-C322/home/1212824,San Francisco MLS,463135,N,Y,37.7836882,-122.3935753
MLS Listing,,Condo/Co-op,442 20th Ave #2,San Francisco,CA,94121,1250000,3,2.0,Central Richmond,1468,,2005,10,851,309,Active,,,http://www.redfin.com/CA/San-Francisco/442-20th-Ave-94121/unit-2/home/11743290,San Francisco MLS,460793,N,Y,37.7794444,-122.479044
MLS Listing,,Condo/Co-op,2100 Green St #800,San Francisco,CA,94123,5150000,2,2.5,Pacific Heights,3122,,1928,10,1650,1682,Active,,,http://www.redfin.com/CA/San-Francisco/2100-Green-St-94123/unit-800/home/12400514,San Francisco MLS,463123,N,Y,37.7965625,-122.4339368
MLS Listing,,Single Family Residential,47 Clarendon Ave,San Francisco,CA,94114,3575000,3,3.5,Clarendon Heights,,2408,2011,10,,,Active,,,http://www.redfin.com/CA/San-Francisco/47-Clarendon-Ave-94114/home/28939411,San Francisco MLS,463112,N,Y,37.7586842,-122.449835
MLS Listing,,Single Family Residential,20 Walnut St,San Francisco,CA,94118,6495000,5,4.5,Presidio Heights,4598,2391,1908,10,1413,,Active,,,http://www.redfin.com/CA/San-Francisco/20-Walnut-St-94118/home/1780272,San Francisco MLS,463090,N,Y,37.7911718,-122.4491338
MLS Listing,,Condo/Co-op,2233 Francisco St,San Francisco,CA,94123,1590000,2,1.5,Marina,1407,,1924,10,1130,200,Active,,,http://www.redfin.com/CA/San-Francisco/2233-Francisco-St-94123/home/1124709,San Francisco MLS,463124,N,Y,37.80077,-122.441875
MLS Listing,,Condo/Co-op,690 Market St #205,San Francisco,CA,94114,1695000,2,2.5,Financial District,1785,,2017,10,950,2842,Active,,,http://www.redfin.com/CA/San-Francisco/690-Market-St-94104/unit-205/home/12277372,San Francisco MLS,463131,N,Y,37.7883046,-122.4032778
MLS Listing,,Multi-Family (2-4 Unit),3526 24th St,San Francisco,CA,94110,2299000,3,,Noe Valley,2132,3162,,10,1078,,Active,October-7-2017 02:00 PM,October-7-2017 04:00 PM,http://www.redfin.com/CA/San-Francisco/3526-24th-St-94110/home/2000957,San Francisco MLS,463114,N,Y,37.752282,-122.422126
MLS Listing,,Condo/Co-op,435 China Basin St #333,San Francisco,CA,94158,1099000,2,1.0,Mission Bay,1124,,2012,10,978,763,Active,,,http://www.redfin.com/CA/San-Francisco/435-China-Basin-St-94158/unit-333/home/40629300,San Francisco MLS,462241,N,Y,37.7718376,-122.3886103
MLS Listing,,Multi-Family (2-4 Unit),2466-2468 Great Highway Hwy,San Francisco,CA,94116,1250000,4,2.0,Outer Parkside,2150,,,10,581,,Active,,,http://www.redfin.com/CA/San-Francisco/2466-2468-Great-Highway-Hwy-94116/home/143898094,San Francisco MLS,463130,N,Y,37.74045,-122.506354
MLS Listing,,Single Family Residential,647 28th Ave,San Francisco,CA,94121,899000,3,1.5,Central Richmond,1550,2996,1924,10,580,,Active,October-8-2017 02:00 PM,October-8-2017 04:00 PM,http://www.redfin.com/CA/San-Francisco/647-28th-Ave-94121/home/1573266,San Francisco MLS,463127,N,Y,37.777104,-122.4879944
MLS Listing,,Multi-Family (2-4 Unit),1161-1163 York St,San Francisco,CA,94110,3395000,5,3.5,Inner Mission,3525,2596,,10,963,,Active,,,http://www.redfin.com/CA/San-Francisco/1163-York-St-94110/home/2027760,San Francisco MLS,463125,N,Y,37.7535111,-122.4080643
MLS Listing,,Condo/Co-op,18 Abbey St,San Francisco,CA,94114,950000,2,1.0,Mission Dolores,830,,1900,10,1145,190,Active,,,http://www.redfin.com/CA/San-Francisco/18-Abbey-St-94114/home/1143508,San Francisco MLS,463122,N,Y,37.7635604,-122.4274196
MLS Listing,,Single Family Residential,825 Woolsey St,San Francisco,CA,94134,1288000,3,3.0,Portola,1992,3789,1939,10,647,,Active,,,http://www.redfin.com/CA/San-Francisco/825-Woolsey-St-94134/home/907727,San Francisco MLS,463100,N,Y,37.7231412,-122.4099345
MLS Listing,,Multi-Family (2-4 Unit),1754-1756 Fell St,San Francisco,CA,94117,2395000,5,3.5,North Panhandle,3210,3436,1900,10,746,,Active,,,http://www.redfin.com/CA/San-Francisco/1756-Fell-St-94117/home/1393156,San Francisco MLS,461468,N,Y,37.773159,-122.446958
MLS Listing,,Townhouse,2075 Sutter St #211,San Francisco,CA,94115,1175000,2,2.0,Lower Pacific Height,1104,,1992,10,1064,653,Active,,,http://www.redfin.com/CA/San-Francisco/2075-Sutter-St-94115/unit-211/home/2023515,San Francisco MLS,462641,N,Y,37.7856661,-122.4344496
MLS Listing,,Condo/Co-op,170 King St #402,San Francisco,CA,94107,1250000,2,2.0,South Beach,,,2007,10,,685,Active,October-5-2017 05:30 PM,October-5-2017 07:00 PM,http://www.redfin.com/CA/San-Francisco/170-King-St-94107/unit-402/home/17305519,San Francisco MLS,460077,N,Y,37.7787287,-122.3916072
MLS Listing,,Single Family Residential,2184 Funston Ave,San Francisco,CA,94115,2088000,3,2.5,Golden Gate Heights,2433,,1978,11,858,,Active,October-7-2017 02:00 PM,October-7-2017 05:00 PM,http://www.redfin.com/CA/San-Francisco/2184-Funston-Ave-94116/home/963853,San Francisco MLS,463103,N,Y,37.747432,-122.4692531
MLS Listing,,Single Family Residential,317 Marietta Dr,SAN FRANCISCO,CA,94127,1385000,4,3.0,SAN FRANCISCO,1460,2813,1961,12,949,,Active,October-7-2017 02:00 PM,October-7-2017 04:00 PM,http://www.redfin.com/CA/San-Francisco/317-Marietta-Dr-94127/home/1063289,MLSListings,ML81679165,N,Y,37.7393666,-122.4439785
MLS Listing,,Single Family Residential,2555 Filbert St,San Francisco,CA,94123,5800000,4,3.5,Cow Hollow,3836,,1930,12,1512,,Active,October-8-2017 03:30 PM,October-8-2017 05:00 PM,http://www.redfin.com/CA/San-Francisco/2555-Filbert-St-94123/home/1020880,San Francisco MLS,462887,N,Y,37.7970892,-122.4414695
MLS Listing,,Condo/Co-op,970 Duncan St Unit 306F,San Francisco,CA,94131,650000,1,1.0,Diamond Heights,744,,1972,12,874,526,Active,October-7-2017 02:00 PM,October-7-2017 04:00 PM,http://www.redfin.com/CA/San-Francisco/970-Duncan-St-94131/unit-306F/home/143866605,San Francisco MLS,463101,N,Y,37.745376,-122.4420156
MLS Listing,,Condo/Co-op,66 Cleary Ct #606,San Francisco,CA,94109,1049000,3,2.0,Western Addition,1099,,1963,12,955,850,Active,,,http://www.redfin.com/CA/San-Francisco/66-Cleary-Ct-94109/unit-606/home/961754,San Francisco MLS,462382,N,Y,37.7842506,-122.4271638
MLS Listing,,Condo/Co-op,888 7th St #214,San Francisco,CA,94107,280186,0,1.0,Potrero Hill,495,,2007,13,566,327,Active,,,http://www.redfin.com/CA/San-Francisco/888-7th-St-94107/unit-214/home/22894653,San Francisco MLS,462919,N,Y,37.770553,-122.4004052
MLS Listing,,Single Family Residential,3103 Clay St,San Francisco,CA,94115,3595000,4,3.0,Pacific Heights,,3593,,13,,,Active,,,http://www.redfin.com/CA/San-Francisco/3103-Clay-St-94115/home/1269369,San Francisco MLS,462938,N,Y,37.7891846,-122.4445913
MLS Listing,,Vacant Land,127 Edgehill Way,San Francisco,CA,94127,1095000,,,Forest Hill Extension,,3937,,13,,,Active,,,http://www.redfin.com/CA/San-Francisco/127-Edgehill-Way-94127/unit-V/home/110057189,San Francisco MLS,463096,N,Y,37.7432986,-122.4601466
MLS Listing,,Single Family Residential,2285 Greenwich St,San Francisco,CA,94123,2250000,3,2.25,Cow Hollow,1823,1415,1927,13,1234,,Active,October-8-2017 02:00 PM,October-8-2017 04:00 PM,http://www.redfin.com/CA/San-Francisco/2285-Greenwich-St-94123/home/1925899,San Francisco MLS,463085,N,Y,37.7985965,-122.4371094
MLS Listing,,Single Family Residential,2106 Divisadero St,San Francisco,CA,94115,2000000,2,1.0,Pacific Heights,1400,2029,1900,13,1429,,Active,,,http://www.redfin.com/CA/San-Francisco/2106-Divisadero-St-94115/home/1716520,San Francisco MLS,462949,N,Y,37.7893721,-122.4405047
MLS Listing,,Condo/Co-op,1177 California St #1703,San Francisco,CA,94108,570000,0,1.0,Nob Hill,,,1978,13,,735,Active,,,http://www.redfin.com/CA/San-Francisco/1177-California-St-94108/unit-1703/home/1514246,San Francisco MLS,461739,N,Y,37.7910302,-122.4137217
MLS Listing,,Condo/Co-op,1726 9th Ave #1728,San Francisco,CA,94122,1295000,3,2.0,Inner Sunset,1570,,1975,13,825,310,Active,October-8-2017 01:00 PM,October-8-2017 04:00 PM,http://www.redfin.com/CA/San-Francisco/1726-9th-Ave-94122/unit-1728/home/143857735,San Francisco MLS,463070,N,Y,37.75604,-122.465425
MLS Listing,,Single Family Residential,158-160 Missouri St,San Francisco,CA,94107,2295000,3,3.5,Potrero Hill,2800,2495,1907,13,820,,Active,October-8-2017 02:00 PM,October-8-2017 04:00 PM,http://www.redfin.com/CA/San-Francisco/160-Missouri-St-94107/home/1670837,San Francisco MLS,463055,N,Y,37.7643072,-122.3968332
MLS Listing,,Condo/Co-op,188 South Park #8,San Francisco,CA,94107,1375000,2,2.0,South Beach,1215,,,13,1132,370,Active,,,http://www.redfin.com/CA/San-Francisco/188-S-Park-St-94107/unit-8/home/12397736,San Francisco MLS,463081,N,Y,37.7810036,-122.3950807
MLS Listing,,Condo/Co-op,555 Fulton St #435,San Francisco,CA,94102,929000,1,1.0,Hayes Valley,715,,2017,13,1299,511,Active,,,http://www.redfin.com/CA/San-Francisco/555-Fulton-St-94102/unit-435/home/143857450,San Francisco MLS,463079,N,Y,37.7781941,-122.42581
MLS Listing,,Condo/Co-op,555 Fulton St #416,San Francisco,CA,94102,1217000,2,2.0,Hayes Valley,848,,2017,13,1435,540,Active,,,http://www.redfin.com/CA/San-Francisco/555-Fulton-St-94102/unit-416/home/99789631,San Francisco MLS,463073,N,Y,37.7781941,-122.42581
MLS Listing,,Condo/Co-op,451 Kansas St #528,San Francisco,CA,94107,1100000,2,2.0,Potrero Hill,,,2007,13,,535,Active,October-7-2017 02:00 PM,October-7-2017 04:00 PM,http://www.redfin.com/CA/San-Francisco/451-Kansas-St-94107/unit-000528/home/22893541,San Francisco MLS,461913,N,Y,37.7638443,-122.4029888
MLS Listing,,Condo/Co-op,8 Buchanan St #808,San Francisco,CA,94102,1395000,2,2.0,Hayes Valley,989,,2014,13,1411,620,Active,October-8-2017 02:00 PM,October-8-2017 04:00 PM,http://www.redfin.com/CA/San-Francisco/8-Buchanan-St-94102/unit-808/home/52911319,San Francisco MLS,463023,N,Y,37.7699869,-122.4264516
MLS Listing,,Condo/Co-op,645 Texas #321,San Francisco,CA,94107,1080000,2,1.0,Potrero Hill,806,,2017,13,1340,633,Active,,,http://www.redfin.com/CA/San-Francisco/645-Texas-St-94107/unit-321/home/143856116,San Francisco MLS,463068,N,Y,37.757934,-122.3944733
MLS Listing,,Condo/Co-op,4302 19th St,San Francisco,CA,94114,1395000,3,1.0,Eureka Valley/Dolore,1500,,1896,13,930,450,Active,,,http://www.redfin.com/CA/San-Francisco/4302-19th-St-94114/home/1175002,San Francisco MLS,463026,N,Y,37.759337,-122.43721
MLS Listing,,Condo/Co-op,520 Page St,San Francisco,CA,94117,1400000,3,2.0,Hayes Valley,1536,,1900,13,911,,Active,,,http://www.redfin.com/CA/San-Francisco/520-Page-St-94117/home/1269244,San Francisco MLS,462912,N,Y,37.7732887,-122.429451
MLS Listing,,Condo/Co-op,516 Page St,San Francisco,CA,94117,1250000,3,1.0,Hayes Valley,1496,,1900,13,836,,Active,,,http://www.redfin.com/CA/San-Francisco/516-Page-St-94117/home/143855908,San Francisco MLS,462911,N,Y,37.773429,-122.429407
MLS Listing,,Vacant Land,227 Church St,San Francisco,CA,94114,2850000,,,Mission Dolores,,3125,,13,,,Active,,,http://www.redfin.com/CA/San-Francisco/227-Church-St-94114/home/143855813,San Francisco MLS,463064,N,Y,37.7670568,-122.4285774
MLS Listing,,Single Family Residential,2932 Ingalls St,San Francisco,CA,94124,695000,2,1.0,Bayview,968,1873,1950,13,718,,Active,,,http://www.redfin.com/CA/San-Francisco/2932-Ingalls-St-94124/home/1406268,San Francisco MLS,463065,N,Y,37.7206817,-122.391844
MLS Listing,,Single Family Residential,60 Amethyst Way,San Francisco,CA,94131,1139000,4,2.5,Diamond Heights,1832,3423,1962,13,622,,Active,,,http://www.redfin.com/CA/San-Francisco/60-Amethyst-Way-94131/home/1672829,San Francisco MLS,462528,N,Y,37.7463266,-122.4465872
MLS Listing,,Condo/Co-op,3035 20th St,San Francisco,CA,94110,949000,1,1.0,Inner Mission,1016,,,13,934,273,Active,October-8-2017 02:00 PM,October-8-2017 04:00 PM,http://www.redfin.com/CA/San-Francisco/3035-20th-St-94110/home/1885106,San Francisco MLS,463059,N,Y,37.7589565,-122.4113894
MLS Listing,,Single Family Residential,1490 38th Ave,San Francisco,CA,94122,1199000,3,2.0,Outer Sunset,1911,2374,1937,13,627,,Active,,,http://www.redfin.com/CA/San-Francisco/1490-38th-Ave-94122/home/632342,San Francisco MLS,463058,N,Y,37.7591585,-122.4969994
MLS Listing,,Single Family Residential,136 Harvard St,San Francisco,CA,94134,1299000,4,3.0,Portola,2350,2996,1915,13,553,,Active,,,http://www.redfin.com/CA/San-Francisco/136-Harvard-St-94134/home/1720427,San Francisco MLS,463025,N,Y,37.7277562,-122.4214209
MLS Listing,,Condo/Co-op,318 Arguello Blvd #1,San Francisco,CA,94118,1095000,2,1.0,Jordan Park/Laurel Heights,1260,,1919,13,869,350,Active,,,http://www.redfin.com/CA/San-Francisco/318-Arguello-Blvd-94118/unit-1/home/845817,San Francisco MLS,462988,N,Y,37.7851991,-122.4588247
MLS Listing,,Multi-Family (2-4 Unit),1029-1031 York St,San Francisco,CA,94110,1195000,7,,Inner Mission,2280,2500,1880,13,524,,Active,October-6-2017 04:00 PM,October-6-2017 05:00 PM,http://www.redfin.com/CA/San-Francisco/1031-York-St-94110/home/1463599,San Francisco MLS,463056,N,Y,37.7555509,-122.408256
MLS Listing,,Condo/Co-op,550 Davis St #44,San Francisco,CA,94111,2075000,3,2.0,Financial District,1520,,1981,13,1365,871,Active,,,http://www.redfin.com/CA/San-Francisco/550-Davis-St-94111/unit-44/home/1876574,San Francisco MLS,462884,N,Y,37.7974207,-122.3981644
MLS Listing,,Single Family Residential,3055 22nd Ave,San Francisco,CA,94132,1298500,3,1.75,Merced Manor,1750,3341,1950,13,742,,Active,,,http://www.redfin.com/CA/San-Francisco/3055-22nd-Ave-94132/home/836623,San Francisco MLS,462881,N,Y,37.7316448,-122.4777373
MLS Listing,,Condo/Co-op,1062 Guerrero St,San Francisco,CA,94110,1895000,3,2.0,Noe Valley,1829,,2010,13,1036,355,Active,,,http://www.redfin.com/CA/San-Francisco/1062-Guerrero-St-94110/home/25788158,San Francisco MLS,462834,N,Y,37.754201,-122.423435
MLS Listing,,Condo/Co-op,25 Joice St,San Francisco,CA,94108,995000,2,2.0,Downtown,1100,,1911,13,905,513,Active,,,http://www.redfin.com/CA/San-Francisco/25-Joice-St-94108/home/551031,San Francisco MLS,462979,N,Y,37.7915439,-122.4084002
MLS Listing,,Condo/Co-op,1108 Shotwell St Unit A,San Francisco,CA,94110,659000,0,1.0,Inner Mission,,,1908,13,,360,Active,,,http://www.redfin.com/CA/San-Francisco/1108-Shotwell-St-94110/unit-A/home/12352803,San Francisco MLS,463048,N,Y,37.7506393,-122.4151335
MLS Listing,,Single Family Residential,2375 46th Ave,San Francisco,CA,94116,899000,3,1.0,Outer Parkside,1300,2996,1947,13,692,,Active,,,http://www.redfin.com/CA/San-Francisco/2375-46th-Ave-94116/home/1894881,San Francisco MLS,463046,N,Y,37.7422536,-122.504907
MLS Listing,,Condo/Co-op,330 Mission Bay Blvd #901,San Francisco,CA,94158,1149000,1,1.0,Mission Bay,1006,,2008,13,1142,841,Active,October-5-2017 05:00 PM,October-5-2017 07:00 PM,http://www.redfin.com/CA/San-Francisco/330-Mission-Bay-Blvd-N-94158/unit-901/home/21965462,San Francisco MLS,463047,N,Y,37.7713635,-122.3873252
MLS Listing,,Multi-Family (2-4 Unit),275-279 Castro St,San Francisco,CA,94114,2595000,4,4.0,Duboce Triangle,4040,2495,1955,13,642,,Active,,,http://www.redfin.com/CA/San-Francisco/279-Castro-St-94114/home/705108,San Francisco MLS,462989,N,Y,37.7644678,-122.4352052
MLS Listing,,Condo/Co-op,1237 Chestnut St #4,San Francisco,CA,94109,1195000,2,2.0,Russian Hill,1248,,1923,13,958,425,Active,October-7-2017 02:00 PM,October-7-2017 04:00 PM,http://www.redfin.com/CA/San-Francisco/1237-Chestnut-St-94109/unit-4/home/560564,San Francisco MLS,463039,N,Y,37.8023193,-122.4237853
MLS Listing,,Single Family Residential,1550 Portola Dr,San Francisco,CA,94127,2195000,5,4.0,West Portal,2940,4077,1920,13,747,,Active,October-7-2017 02:00 PM,October-7-2017 04:00 PM,http://www.redfin.com/CA/San-Francisco/1550-Portola-Dr-94127/home/690148,San Francisco MLS,462948,N,Y,37.7369272,-122.4694513
MLS Listing,,Condo/Co-op,1755 Larkin St,San Francisco,CA,94109,1199000,3,1.0,Nob Hill,1160,,1909,13,1034,355,Active,,,http://www.redfin.com/CA/San-Francisco/1755-Larkin-St-94109/home/12173406,San Francisco MLS,463044,N,Y,37.7941749,-122.4199334
MLS Listing,,Single Family Residential,136 6th Ave,San Francisco,CA,94118,3125000,3,1.5,Lake,3382,3000,1907,13,924,,Active,,,http://www.redfin.com/CA/San-Francisco/136-6th-Ave-94118/home/980700,San Francisco MLS,463042,N,Y,37.786065,-122.464318
MLS Listing,,Condo/Co-op,220 Lombard St #419,San Francisco,CA,94111,739000,1,1.0,North Waterfront,709,,1993,13,1042,882,Active,,,http://www.redfin.com/CA/San-Francisco/220-Lombard-St-94111/unit-419/home/1442036,San Francisco MLS,462804,N,Y,37.8042873,-122.4053682
MLS Listing,,Condo/Co-op,100 Parker Ave #301,San Francisco,CA,94118,995000,1,1.0,Jordan Park/Laurel Heights,1237,,1929,13,804,466,Active,,,http://www.redfin.com/CA/San-Francisco/100-Parker-Ave-94118/unit-301/home/591586,San Francisco MLS,463040,N,Y,37.7838031,-122.454399
MLS Listing,,Condo/Co-op,543 Central Ave,San Francisco,CA,94117,1249000,2,1.0,North Panhandle,,,1910,13,,237,Active,,,http://www.redfin.com/CA/San-Francisco/543-Central-Ave-94117/home/40138248,San Francisco MLS,463037,N,Y,37.7747653,-122.4447253
MLS Listing,,Single Family Residential,1188 Diamond St,San Francisco,CA,94114,4750000,5,4.0,Noe Valley,3982,2480,,13,1193,,Active,,,http://www.redfin.com/CA/San-Francisco/1188-Diamond-St-94114/home/1584310,San Francisco MLS,462991,N,Y,37.748235,-122.436296
MLS Listing,,Condo/Co-op,600 Chestnut St #105,San Francisco,CA,94133,1225000,3,2.0,North Beach,1248,,1995,13,982,627,Active,,,http://www.redfin.com/CA/San-Francisco/600-Chestnut-St-94133/unit-105/home/1286665,San Francisco MLS,461954,N,Y,37.803994,-122.413646
MLS Listing,,Single Family Residential,436 Valley St,San Francisco,CA,94131,1195000,3,1.0,Noe Valley,1341,2848,1927,13,891,,Active,,,http://www.redfin.com/CA/San-Francisco/436-Valley-St-94131/home/804126,San Francisco MLS,462849,N,Y,37.7443942,-122.4321182
MLS Listing,,Condo/Co-op,318 Main St Unit 7E,San Francisco,CA,94105,1329000,1,1.5,South Beach,941,,2015,13,1412,1005,Active,,,http://www.redfin.com/CA/San-Francisco/318-Main-St-94105/unit-7E/home/109278447,San Francisco MLS,463034,N,Y,37.7891933,-122.3917702
MLS Listing,,Single Family Residential,1834 26th Ave,San Francisco,CA,94122,999000,3,2.0,Central Sunset,,2996,1951,13,,,Active,,,http://www.redfin.com/CA/San-Francisco/1834-26th-Ave-94122/home/644660,San Francisco MLS,463032,N,Y,37.7532247,-122.4836878
MLS Listing,,Condo/Co-op,325 Berry St #425,San Francisco,CA,94158,1295000,2,2.0,Mission Bay,1287,,2007,13,1006,613,Active,,,http://www.redfin.com/CA/San-Francisco/325-Berry-St-94158/unit-425/home/17304646,San Francisco MLS,462855,N,Y,37.7734128,-122.3957474
MLS Listing,,Condo/Co-op,785 San Jose Ave Unit F,San Francisco,CA,94110,799000,2,1.0,Noe Valley,850,,1908,13,940,300,Active,,,http://www.redfin.com/CA/San-Francisco/785-San-Jose-Ave-94110/unit-F/home/12352796,San Francisco MLS,463030,N,Y,37.7425785,-122.4228714
MLS Listing,,Single Family Residential,24 Thor Ave,San Francisco,CA,94131,1295000,2,2.0,Glen Park,861,3702,1948,13,1504,,Active,,,http://www.redfin.com/CA/San-Francisco/24-Thor-Ave-94131/home/810434,San Francisco MLS,461649,N,Y,37.7354168,-122.4347101
MLS Listing,,Multi-Family (2-4 Unit),1240-1244 Jones St,San Francisco,CA,94109,2995000,6,3.0,Nob Hill,3540,1359,1908,13,846,,Active,,,http://www.redfin.com/CA/San-Francisco/1244-Jones-St-94109/home/1474634,San Francisco MLS,462984,N,Y,37.7929329,-122.4141503
MLS Listing,,Condo/Co-op,1025 Treat Ave,San Francisco,CA,94110,1195000,3,1.5,Inner Mission,,,,13,,400,Active,,,http://www.redfin.com/CA/San-Francisco/1025-Treat-Ave-94110/home/143852387,San Francisco MLS,462996,N,Y,37.7537047,-122.4129035
MLS Listing,,Condo/Co-op,2232 15th St,San Francisco,CA,94114,1098000,2,1.0,Duboce Triangle,1166,,1910,13,942,413,Active,,,http://www.redfin.com/CA/San-Francisco/2232-15th-St-94114/home/40387873,San Francisco MLS,463028,N,Y,37.7659492,-122.4340743
MLS Listing,,Single Family Residential,192 Nueva Ave,San Francisco,CA,94134,699000,3,2.0,Little Hollywood,,2247,1937,13,,,Active,October-8-2017 02:00 PM,October-8-2017 04:00 PM,http://www.redfin.com/CA/San-Francisco/192-Nueva-Ave-94134/home/1901213,San Francisco MLS,462976,N,Y,37.7114426,-122.397546
MLS Listing,,Condo/Co-op,1461 Broadway,San Francisco,CA,94109,1195000,2,2.0,Nob Hill,1075,,1981,13,1112,590,Active,October-8-2017 02:00 PM,October-8-2017 04:30 PM,http://www.redfin.com/CA/San-Francisco/1461-Broadway-94109/home/565266,San Francisco MLS,461750,N,Y,37.7958009,-122.4212446
MLS Listing,,Condo/Co-op,355 Bryant St #309,San Francisco,CA,94107,1349000,1,1.5,South Beach,1551,,1917,13,870,561,Active,October-8-2017 02:00 PM,October-8-2017 04:00 PM,http://www.redfin.com/CA/San-Francisco/355-Bryant-St-94107/unit-309/home/12396050,San Francisco MLS,463017,N,Y,37.7835543,-122.392432
MLS Listing,,Condo/Co-op,208 N Lake Merced Hls Unit 1F,San Francisco,CA,94132,799000,3,2.0,Lake Shore,1474,,1975,14,542,856,Active,,,http://www.redfin.com/CA/San-Francisco/208-N-Lake-Merced-Hls-94132/unit-1F/home/1640403,San Francisco MLS,462865,N,Y,37.713405,-122.4833831
MLS Listing,,Condo/Co-op,281 Clara St #7,San Francisco,CA,94107,795000,1,1.5,South of Market,989,,1996,14,804,500,Active,October-7-2017 02:00 PM,October-7-2017 04:00 PM,http://www.redfin.com/CA/San-Francisco/281-Clara-St-94107/unit-7/home/12395954,San Francisco MLS,463022,N,Y,37.7779984,-122.4039706
MLS Listing,,Single Family Residential,10 Quartz Way,San Francisco,CA,94131,1695000,3,2.5,Diamond Heights,2104,2805,1962,14,806,,Active,,,http://www.redfin.com/CA/San-Francisco/10-Quartz-Way-94131/home/1057137,San Francisco MLS,459851,N,Y,37.745786,-122.445615
MLS Listing,,Multi-Family (2-4 Unit),2014-2016 McAllister St,San Francisco,CA,94118,998000,3,2.0,North Panhandle,,2500,1900,14,,,Active,,,http://www.redfin.com/CA/San-Francisco/2016-McAllister-St-94118/home/1323785,San Francisco MLS,463020,N,Y,37.7770698,-122.4453287
MLS Listing,,Multi-Family (2-4 Unit),245 249A Eureka St,San Francisco,CA,94114,2890000,4,4.0,Eureka Valley/Dolore,4128,3750,1924,14,700,,Active,October-5-2017 10:30 AM,October-5-2017 12:00 PM,http://www.redfin.com/CA/San-Francisco/249-Eureka-St-94114/home/1486302,San Francisco MLS,462806,N,Y,37.7583213,-122.4376562
MLS Listing,,Single Family Residential,2634 Bush St,San Francisco,CA,94115,2195000,4,3.0,Lower Pacific Height,2616,2432,1885,14,839,,Active,,,http://www.redfin.com/CA/San-Francisco/2634-Bush-St-94115/home/1748521,San Francisco MLS,461267,N,Y,37.7863277,-122.4408582
MLS Listing,,Condo/Co-op,630 Mason St #603,San Francisco,CA,94108,668000,1,1.0,Downtown,750,,,14,891,581,Active,,,http://www.redfin.com/CA/San-Francisco/630-Mason-St-94108/unit-603/home/143851855,San Francisco MLS,462898,N,Y,37.789448,-122.410054
MLS Listing,,Single Family Residential,72 Santa Ana Ave,San Francisco,CA,94127,2200000,4,3.0,St. Francis Wood,2122,4000,1953,14,1037,142,Active,October-8-2017 02:00 PM,October-8-2017 04:00 PM,http://www.redfin.com/CA/San-Francisco/72-Santa-Ana-Ave-94127/home/1741831,San Francisco MLS,462880,N,Y,37.7355737,-122.4683263
MLS Listing,,Condo/Co-op,942 Market St #402,San Francisco,CA,94102,599000,1,1.0,Downtown,658,,2007,14,910,579,Active,,,http://www.redfin.com/CA/San-Francisco/942-Market-St-94102/unit-402/home/23475123,San Francisco MLS,463004,N,Y,37.7836702,-122.4087914
MLS Listing,,Condo/Co-op,325 China Basin St #312,San Francisco,CA,94158,1250000,2,2.0,Mission Bay,1176,,2008,14,1063,866,Active,October-7-2017 01:00 PM,October-7-2017 04:00 PM,http://www.redfin.com/CA/San-Francisco/325-China-Basin-St-94158/unit-312/home/21966592,San Francisco MLS,463014,N,Y,37.7719368,-122.3874363
MLS Listing,,Condo/Co-op,625 Broderick St,San Francisco,CA,94117,1195000,3,1.5,North Panhandle,1455,,1900,14,821,200,Active,October-7-2017 02:00 PM,October-7-2017 04:00 PM,http://www.redfin.com/CA/San-Francisco/625-Broderick-St-94117/home/45445912,San Francisco MLS,462917,N,Y,37.7760857,-122.4399875
MLS Listing,,Condo/Co-op,55 Page St #320,San Francisco,CA,94102,336720,1,1.0,Hayes Valley,674,,2008,14,500,408,Active,October-8-2017 02:00 PM,October-8-2017 04:00 PM,http://www.redfin.com/CA/San-Francisco/55-Page-St-94102/unit-320/home/17305738,San Francisco MLS,462899,N,Y,37.7739816,-122.421936
MLS Listing,,Condo/Co-op,338 Main St Unit 32E,San Francisco,CA,94105,3695000,3,3.0,South Beach,1791,,2016,14,2063,1176,Active,,,http://www.redfin.com/CA/San-Francisco/338-Main-St-94105/unit-32E/home/107354433,San Francisco MLS,463012,N,Y,37.7888208,-122.3912963
MLS Listing,,Single Family Residential,771 Teresita,San Francisco,CA,94127,1088000,2,1.0,Miraloma Park,1216,2495,1940,14,895,,Active,,,http://www.redfin.com/CA/San-Francisco/771-Teresita-Blvd-94127/home/1782822,San Francisco MLS,462945,N,Y,37.734946,-122.445505
MLS Listing,,Single Family Residential,52 Clipper St,San Francisco,CA,94114,1650000,2,2.0,Noe Valley,1122,2964,1902,14,1471,,Active,,,http://www.redfin.com/CA/San-Francisco/52-Clipper-St-94114/home/2005791,San Francisco MLS,461667,N,Y,37.749557,-122.4261669
MLS Listing,,Condo/Co-op,1 Crescent Way #1301,San Francisco,CA,94134,685000,2,2.0,Bayview,984,,2001,14,696,450,Active,,,http://www.redfin.com/CA/San-Francisco/1-Crescent-Way-94134/unit-1301/home/875585,EBRD/CCAR/Bay East,40797942,N,Y,37.71084,-122.390181
MLS Listing,,Condo/Co-op,318 Spear St Unit 3H,San Francisco,CA,94105,898000,1,1.0,South Beach,837,,2008,14,1073,880,Active,,,http://www.redfin.com/CA/San-Francisco/318-Spear-St-94105/unit-3H/home/21967034,San Francisco MLS,463007,N,Y,37.7897457,-122.3908558
MLS Listing,,Townhouse,1997 Eddy St,San Francisco,CA,94115,1495000,2,2.5,Anza Vista,1900,,1980,14,787,500,Active,,,http://www.redfin.com/CA/San-Francisco/1997-Eddy-St-94115/unit-1/home/1846762,San Francisco MLS,462947,N,Y,37.7802636,-122.4403007
MLS Listing,,Condo/Co-op,108 Fillmore St Unit B,San Francisco,CA,94117,1995000,3,3.0,Hayes Valley,2618,,1904,14,762,150,Active,,,http://www.redfin.com/CA/San-Francisco/108-Fillmore-St-94117/unit-B/home/1844579,San Francisco MLS,463006,N,Y,37.7704762,-122.4298761
MLS Listing,,Condo/Co-op,276 Crescent Ave,San Francisco,CA,94110,879000,2,1.5,Bernal Heights,,,1926,14,,342,Active,October-7-2017 02:00 PM,October-7-2017 04:00 PM,http://www.redfin.com/CA/San-Francisco/276-Crescent-Ave-94110/home/55244500,San Francisco MLS,462878,N,Y,37.7349297,-122.4191696
MLS Listing,,Single Family Residential,1220 Naples St,SAN FRANCISCO,CA,94112,880000,3,1.0,SAN FRANCISCO,1610,2572,1928,14,547,,Active,,,http://www.redfin.com/CA/San-Francisco/1220-Naples-St-94112/home/1815532,MLSListings,ML81678835,N,Y,37.7116844,-122.4383104
MLS Listing,,Single Family Residential,1631 43rd Ave,San Francisco,CA,94122,879000,2,1.0,Outer Sunset,,2996,1940,14,,,Active,,,http://www.redfin.com/CA/San-Francisco/1631-43rd-Ave-94122/home/1789594,San Francisco MLS,462914,N,Y,37.7562046,-122.5026447
MLS Listing,,Single Family Residential,2587 18th Ave,San Francisco,CA,94116,1350000,3,2.0,Inner Parkside,1796,2996,1932,14,752,,Active,,,http://www.redfin.com/CA/San-Francisco/2587-18th-Ave-94116/home/904766,San Francisco MLS,462974,N,Y,37.7396503,-122.474684
MLS Listing,,Townhouse,1084 De Haro St,San Francisco,CA,94107,1680000,5,3.0,Potrero Hill,2354,,1986,14,714,82,Active,October-8-2017 02:00 PM,October-8-2017 04:00 PM,http://www.redfin.com/CA/San-Francisco/1084-De-Haro-St-94107/home/1301125,San Francisco MLS,462467,N,Y,37.756079,-122.401077
MLS Listing,,Single Family Residential,2114 32nd Ave,San Francisco,CA,94116,1490000,4,4.0,Parkside,2100,2375,1939,14,710,,Active,,,http://www.redfin.com/CA/San-Francisco/2114-32nd-Ave-94116/home/651580,San Francisco MLS,462987,N,Y,37.747696,-122.4897146
MLS Listing,,Condo/Co-op,333 1st St Unit N1803,San Francisco,CA,94105,855000,1,1.0,South Beach,713,,2004,14,1199,745,Active,,,http://www.redfin.com/CA/San-Francisco/333-1st-St-94105/unit-N1803/home/1432703,San Francisco MLS,462886,N,Y,37.7872383,-122.3940289
MLS Listing,,Multi-Family (2-4 Unit),620-22 Waller St,San Francisco,CA,94117,1695000,4,2.0,Hayes Valley,1848,,1900,14,917,,Active,,,http://www.redfin.com/CA/San-Francisco/622-Waller-St-94117/home/1995930,San Francisco MLS,462958,N,Y,37.7707999,-122.4340707
MLS Listing,,Condo/Co-op,333 Bush St #4103,San Francisco,CA,94104,3195000,2,2.0,Financial District,1852,,1987,14,1725,1578,Active,,,http://www.redfin.com/CA/San-Francisco/333-Bush-St-94104/unit-4103/home/551102,San Francisco MLS,462926,N,Y,37.7906431,-122.4030566
MLS Listing,,Single Family Residential,1483 Rhode Island St,San Francisco,CA,94107,999000,2,1.0,Potrero Hill,976,2495,1927,14,1024,,Active,,,http://www.redfin.com/CA/San-Francisco/1483-Rhode-Island-St-94107/home/1862253,San Francisco MLS,462954,N,Y,37.750955,-122.400933
MLS Listing,,Single Family Residential,338 Vernon St,San Francisco,CA,94132,899000,3,2.0,Merced Heights,1250,,1944,14,719,,Active,,,http://www.redfin.com/CA/San-Francisco/338-Vernon-St-94132/home/1096105,San Francisco MLS,462977,N,Y,37.7186287,-122.4678695
MLS Listing,,Condo/Co-op,201 Folsom St Unit 26C,San Francisco,CA,94105,2210000,2,2.0,South Beach,1400,,2017,14,1579,1099,Active,October-5-2017 11:00 AM,October-5-2017 05:00 PM,http://www.redfin.com/CA/San-Francisco/201-Folsom-St-94105/unit-26C/home/143850332,San Francisco MLS,462978,N,Y,37.7886997,-122.39226
MLS Listing,,Single Family Residential,590 30th St,San Francisco,CA,94131,1300000,3,2.0,Noe Valley,1481,1955,1964,14,878,,Active,,,http://www.redfin.com/CA/San-Francisco/590-30th-St-94131/home/1105138,San Francisco MLS,462960,N,Y,37.7420322,-122.4329168
MLS Listing,,Multi-Family (2-4 Unit),3177-3179 Mission St,San Francisco,CA,94110,1798000,5,3.0,Bernal Heights,3500,2100,1900,15,514,,Active,,,http://www.redfin.com/CA/San-Francisco/3179-Mission-St-94110/home/1868684,San Francisco MLS,462966,N,Y,37.7459934,-122.4192865
MLS Listing,,Townhouse,122 Coral Ct #30,San Francisco,CA,94124,799999,3,2.5,Hunters Point,1360,,1981,15,588,408,Active,,,http://www.redfin.com/CA/San-Francisco/122-Coral-Ct-94124/unit-30/home/1622134,San Francisco MLS,462782,N,Y,37.728218,-122.371737
MLS Listing,,Single Family Residential,2733 Noriega St,San Francisco,CA,94122,1188000,3,1.0,Central Sunset,1275,2321,1949,15,932,,Active,,,http://www.redfin.com/CA/San-Francisco/2733-Noriega-St-94122/home/884093,San Francisco MLS,462965,N,Y,37.7533029,-122.4931504
MLS Listing,,Single Family Residential,220 San Leandro Way,San Francisco,CA,94127,2049000,4,3.0,Balboa Terrace,,,1922,15,,17,Active,,,http://www.redfin.com/CA/San-Francisco/220-San-Leandro-Way-94127/home/1454474,San Francisco MLS,458479,N,Y,37.7327755,-122.4689177
MLS Listing,,Condo/Co-op,401 Harrison St Unit 18E,San Francisco,CA,94105,1890000,2,2.0,South Beach,1241,,2014,15,1523,1241,Active,,,http://www.redfin.com/CA/San-Francisco/401-Harrison-St-94105/unit-18E/home/143849070,San Francisco MLS,462962,N,Y,37.7865463,-122.3920492
MLS Listing,,Multi-Family (2-4 Unit),2222-2226 Irving St,San Francisco,CA,94122,1295000,2,1.0,Central Sunset,2955,3197,1921,15,438,,Active,,,http://www.redfin.com/CA/San-Francisco/2226-Irving-St-94122/home/143849041,San Francisco MLS,462959,N,Y,37.7634813,-122.4819613
MLS Listing,,Condo/Co-op,401 Harrison St Unit 7B,San Francisco,CA,94105,845000,1,1.0,South Beach,743,,2014,15,1137,1068,Active,,,http://www.redfin.com/CA/San-Francisco/401-Harrison-St-94105/unit-7B/home/143849015,San Francisco MLS,462956,N,Y,37.7865463,-122.3920492
MLS Listing,,Condo/Co-op,2390 Hyde St #2,San Francisco,CA,94109,2995000,3,2.0,Russian Hill,1909,,1979,15,1569,959,Active,October-5-2017 04:30 PM,October-5-2017 06:00 PM,http://www.redfin.com/CA/San-Francisco/2390-Hyde-St-94109/unit-2/home/102815362,San Francisco MLS,462924,N,Y,37.802772,-122.419498
MLS Listing,,Condo/Co-op,8 Russian Hill Pl #2,San Francisco,CA,94133,2750000,2,2.0,Russian Hill,1670,,1957,15,1647,,Active,,,http://www.redfin.com/CA/San-Francisco/8-Russian-Hill-Pl-94133/unit-2/home/143848141,San Francisco MLS,462871,N,Y,37.7984763,-122.414997
MLS Listing,,Multi-Family (2-4 Unit),912 Capp St,San Francisco,CA,94110,1499000,,,Inner Mission,,2156,1900,15,,,Active,October-8-2017 02:00 PM,October-8-2017 03:30 PM,http://www.redfin.com/CA/San-Francisco/912-Capp-St-94110/home/1736141,San Francisco MLS,462868,N,Y,37.7518825,-122.4175615
MLS Listing,,Multi-Family (2-4 Unit),452-454 Lily St,San Francisco,CA,94102,1450000,3,2.0,Hayes Valley,2112,1345,1887,15,687,,Active,,,http://www.redfin.com/CA/San-Francisco/454-Lily-St-94102/home/1771599,San Francisco MLS,461313,N,Y,37.7739291,-122.4283482
MLS Listing,,Condo/Co-op,550 Davis St #19,San Francisco,CA,94111,2500000,3,2.5,Financial District,2020,,1981,15,1238,1242,Active,October-8-2017 01:00 PM,October-8-2017 04:00 PM,http://www.redfin.com/CA/San-Francisco/550-Davis-St-94111/unit-19/home/2002881,San Francisco MLS,462915,N,Y,37.7974207,-122.3981644
MLS Listing,,Condo/Co-op,730 Shrader St,San Francisco,CA,94117,1095000,2,1.0,San Francisco County,,3171,1905,15,,150,Active,,,http://www.redfin.com/CA/San-Francisco/730-Shrader-St-94117/home/1676485,BAREIS,21722417,N,Y,37.7679463,-122.4513133
MLS Listing,,Condo/Co-op,635 A Capp St,San Francisco,CA,94119,949000,2,1.0,Inner Mission,845,,1907,15,1123,420,Active,,,http://www.redfin.com/CA/San-Francisco/635-Capp-St-94110/home/12353522,San Francisco MLS,462848,N,Y,37.7565871,-122.417588
MLS Listing,,Condo/Co-op,57 Woodward St Unit A,San Francisco,CA,94103,599000,2,1.0,Inner Mission,892,,1907,16,672,341,Active,,,http://www.redfin.com/CA/San-Francisco/57-Woodward-St-94103/unit-A/home/39977707,San Francisco MLS,462867,N,Y,37.7690337,-122.4207489
MLS Listing,,Single Family Residential,51 Fairfield Way,SAN FRANCISCO,CA,94127,1495000,4,3.0,SAN FRANCISCO,2230,2548,1928,16,670,,Active,October-8-2017 02:00 PM,October-8-2017 04:00 PM,http://www.redfin.com/CA/San-Francisco/51-Fairfield-Way-94127/home/2008535,MLSListings,ML81678555,N,Y,37.7271494,-122.4634978
MLS Listing,,Single Family Residential,406 Lansdale Ave,San Francisco,CA,94127,2388000,3,4.5,Sherwood Forest,4509,5174,1975,16,530,,Active,,,http://www.redfin.com/CA/San-Francisco/406-Lansdale-Ave-94127/home/1148234,San Francisco MLS,462473,N,Y,37.7359722,-122.4571359
MLS Listing,,Condo/Co-op,1661 18th St,San Francisco,CA,94107,1095000,2,2.0,Potrero Hill,1045,,1995,16,1048,601,Active,October-8-2017 02:00 PM,October-8-2017 04:00 PM,http://www.redfin.com/CA/San-Francisco/1661-18th-St-94107/home/906434,San Francisco MLS,462882,N,Y,37.7622808,-122.399193
MLS Listing,,Single Family Residential,191 CAINE Ave,San Francisco,CA,94113-003,859999,2,2.0,Ingleside Terr,1264,2500,1908,16,680,,Active,,,http://www.redfin.com/CA/San-Francisco/191-Caine-Ave-94112/home/1337267,EBRD/CCAR/Bay East,40797558,N,Y,37.7150056,-122.452211
MLS Listing,,Condo/Co-op,1868 Van Ness Ave #402,San Francisco,CA,94109,1379000,2,2.0,Nob Hill,1105,,2017,16,1248,877,Active,,,http://www.redfin.com/CA/San-Francisco/1868-Van-Ness-Ave-94109/unit-402/home/143844112,San Francisco MLS,462861,N,Y,37.7929347,-122.4224765
MLS Listing,,Condo/Co-op,580 Hayes St #404,San Francisco,CA,94102,1029000,1,1.0,Hayes Valley,804,,2017,17,1280,571,Active,,,http://www.redfin.com/CA/San-Francisco/580-Hayes-St-94102/unit-404/home/143844073,San Francisco MLS,462863,N,Y,37.7767788,-122.4259583
MLS Listing,,Condo/Co-op,264 Downey St,San Francisco,CA,94117,1098000,2,2.0,Buena Vista Park,,,1907,17,,,Active,,,http://www.redfin.com/CA/San-Francisco/264-Downey-St-94117/home/1252766,San Francisco MLS,462515,N,Y,37.7640811,-122.4464716
MLS Listing,,Condo/Co-op,262 Downey St,San Francisco,CA,94117,1049000,2,2.0,Buena Vista Park,,,1907,17,,,Active,,,http://www.redfin.com/CA/San-Francisco/262-Downey-St-94117/home/143842638,San Francisco MLS,462514,N,Y,37.7642483,-122.4465049
MLS Listing,,Condo/Co-op,69 Clementina St #403,San Francisco,CA,94105,575000,0,1.0,Yerba Buena,,,2006,17,,322,Active,,,http://www.redfin.com/CA/San-Francisco/69-Clementina-St-94105/unit-000403/home/12330741,San Francisco MLS,462685,N,Y,37.7864193,-122.3963874
MLS Listing,,Condo/Co-op,403 Broderick St #2,San Francisco,CA,94117,1299000,3,2.0,North Panhandle,1445,,1980,17,899,450,Active,,,http://www.redfin.com/CA/San-Francisco/403-Broderick-St-94117/unit-2/home/1236952,San Francisco MLS,462830,N,Y,37.774026,-122.4395515
MLS Listing,,Single Family Residential,371 6th Ave,San Francisco,CA,94118,1995000,3,3.0,Inner Richmond,2269,,1906,17,879,,Active,,,http://www.redfin.com/CA/San-Francisco/371-6th-Ave-94118/home/40628958,San Francisco MLS,462829,N,Y,37.781622,-122.464657
MLS Listing,,Single Family Residential,46 Wilmot St,San Francisco,CA,94115,3695000,4,3.5,Lower Pacific Height,2693,1511,1900,17,1372,,Active,,,http://www.redfin.com/CA/San-Francisco/46-Wilmot-St-94115/home/1877119,San Francisco MLS,462818,N,Y,37.7876882,-122.4327509
MLS Listing,,Single Family Residential,44 Lurmont Ter,San Francisco,CA,94133,2995000,3,2.5,Russian Hill,,3160,1945,17,,,Active,,,http://www.redfin.com/CA/San-Francisco/44-Lurmont-Ter-94133/home/1538072,San Francisco MLS,462773,N,Y,37.8017287,-122.4186732
MLS Listing,,Multi-Family (5+ Unit),1754-1760 Mission St,San Francisco,CA,94110,4150000,5,,Inner Mission,5970,2247,1906,17,695,,Active,,,http://www.redfin.com/CA/San-Francisco/1760-Mission-St-94103/home/143841215,San Francisco MLS,462824,N,Y,37.7689926,-122.4203369
MLS Listing,,Condo/Co-op,455 8th Ave #2,San Francisco,CA,94118,1025000,3,2.0,Inner Richmond,,,,17,,244,Active,,,http://www.redfin.com/CA/San-Francisco/455-8th-Ave-94118/unit-2/home/1705438,San Francisco MLS,462798,N,Y,37.7798195,-122.4665933
MLS Listing,,Single Family Residential,30 Edith St,San Francisco,CA,94133,2995000,3,2.0,Telegraph Hill,2420,2617,,17,1238,,Active,,,http://www.redfin.com/CA/San-Francisco/30-Edith-St-94133/home/2002694,San Francisco MLS,462820,N,Y,37.802925,-122.4086186
MLS Listing,,Multi-Family (5+ Unit),225 Taylor St,San Francisco,CA,94102,4500000,2,,Tenderloin,12825,3375,1910,17,351,,Active,,,http://www.redfin.com/CA/San-Francisco/225-Taylor-St-94102/home/1383234,San Francisco MLS,462766,N,Y,37.7845129,-122.411287
MLS Listing,,Single Family Residential,185 Kensington Way,San Francisco,CA,94127,1569000,4,3.0,Forest Hill Extension,2023,2996,1954,17,776,,Active,,,http://www.redfin.com/CA/San-Francisco/185-Kensington-Way-94127/home/687357,San Francisco MLS,462230,N,Y,37.7421994,-122.4610988
MLS Listing,,Condo/Co-op,2179 15th St,San Francisco,CA,94114,1395000,2,1.0,Duboce Triangle,1162,,1942,17,1201,,Active,October-7-2017 02:00 PM,October-7-2017 04:00 PM,http://www.redfin.com/CA/San-Francisco/2179-15th-St-94114/home/143840279,San Francisco MLS,462665,N,Y,37.765695,-122.432802
MLS Listing,,Condo/Co-op,4 15th Ave,San Francisco,CA,94118,1998000,3,2.0,Lake,1900,,1940,18,1052,200,Active,,,http://www.redfin.com/CA/San-Francisco/4-15th-Ave-94118/home/873166,San Francisco MLS,462816,N,Y,37.786991,-122.474068
MLS Listing,,Single Family Residential,1325 Lake St,SAN FRANCISCO,CA,94118,3000000,6,3.0,SAN FRANCISCO,2485,3750,1912,18,1207,,Active,,,http://www.redfin.com/CA/San-Francisco/1325-Lake-St-94118/home/1530683,MLSListings,ML81678281,N,Y,37.7860702,-122.4737445
MLS Listing,,Single Family Residential,2622 Chestnut St,San Francisco,CA,94123,5295000,4,4.5,Cow Hollow,,,1925,19,,,Active,October-8-2017 02:30 PM,October-8-2017 04:30 PM,http://www.redfin.com/CA/San-Francisco/2622-Chestnut-St-94123/home/583555,San Francisco MLS,462159,N,Y,37.7996938,-122.4466531
MLS Listing,,Condo/Co-op,1245 16th Ave,San Francisco,CA,94122,1199000,2,2.0,Inner Sunset,1414,,1925,19,848,375,Active,October-7-2017 02:00 PM,October-7-2017 04:00 PM,http://www.redfin.com/CA/San-Francisco/1245-16th-Ave-94122/home/1364302,San Francisco MLS,462716,N,Y,37.764728,-122.474315
MLS Listing,,Single Family Residential,44 Inverness Dr,San Francisco,CA,94132,1395000,4,3.0,Lake Shore,1889,2896,1941,19,738,,Active,,,http://www.redfin.com/CA/San-Francisco/44-Inverness-Dr-94132/home/1151211,San Francisco MLS,462764,N,Y,37.7334578,-122.4825905
MLS Listing,,Condo/Co-op,2365 Bush St,San Francisco,CA,94115,1895000,3,1.5,Lower Pacific Height,1668,,1900,19,1136,350,Active,,,http://www.redfin.com/CA/San-Francisco/2365-Bush-St-94115/home/1507054,San Francisco MLS,462539,N,Y,37.786389,-122.436154
MLS Listing,,Single Family Residential,1880 Turk St,San Francisco,CA,94115,4000000,9,7.0,Anza Vista,7500,6390,1900,19,533,,Active,,,http://www.redfin.com/CA/San-Francisco/1880-Turk-St-94115/home/1992046,San Francisco MLS,462753,N,Y,37.7797011,-122.44018
MLS Listing,,Condo/Co-op,704 Great Hwy #2,San Francisco,CA,94121,1250000,3,2.0,Outer Richmond,1363,,1990,19,917,300,Active,,,http://www.redfin.com/CA/San-Francisco/704-Great-Hwy-94121/unit-2/home/621189,San Francisco MLS,461820,N,Y,37.7748243,-122.5109814
MLS Listing,,Condo/Co-op,50 Lansing St #508,San Francisco,CA,94105,849000,1,1.0,South Beach,847,,2006,20,1002,720,Active,,,http://www.redfin.com/CA/San-Francisco/50-Lansing-St-94105/unit-000508/home/12330786,San Francisco MLS,462778,N,Y,37.7861346,-122.3942513
MLS Listing,,Condo/Co-op,260 King St #531,San Francisco,CA,94107,760000,1,1.0,Mission Bay,693,,2004,20,1097,728,Active,,,http://www.redfin.com/CA/San-Francisco/260-King-St-94107/unit-531/home/12331112,San Francisco MLS,462787,N,Y,37.7772049,-122.3940134
MLS Listing,,Single Family Residential,2315 Lawton St,San Francisco,CA,94122,1150000,2,2.0,Central Sunset,1676,3123,1935,20,686,,Active,,,http://www.redfin.com/CA/San-Francisco/2315-Lawton-St-94122/home/1573697,San Francisco MLS,462724,N,Y,37.7572883,-122.487803
MLS Listing,,Condo/Co-op,51 Innes Ct #407,San Francisco,CA,94124,1330000,3,2.0,Hunters Point,1557,,2017,20,854,678,Active,,,http://www.redfin.com/CA/San-Francisco/51-Innes-Ct-94124/unit-407/home/143823049,San Francisco MLS,462785,N,Y,37.7275653,-122.368191
MLS Listing,,Condo/Co-op,51 Innes Ct #212,San Francisco,CA,94124,1035000,2,2.0,Hunters Point,1080,,2017,20,958,563,Active,,,http://www.redfin.com/CA/San-Francisco/51-Innes-Ct-94124/unit-212/home/143822987,San Francisco MLS,462783,N,Y,37.7275653,-122.368191
MLS Listing,,Condo/Co-op,51 Innes Ct #210,San Francisco,CA,94124,775000,1,1.0,Hunters Point,740,,2017,20,1047,499,Active,,,http://www.redfin.com/CA/San-Francisco/51-Innes-Ct-94124/unit-210/home/143822955,San Francisco MLS,462779,N,Y,37.7275653,-122.368191
MLS Listing,,Condo/Co-op,851 Van Ness Ave #108,San Francisco,CA,94109,1029000,2,2.0,Van Ness/Civic Center,1240,,2002,20,830,688,Active,October-5-2017 05:30 PM,October-5-2017 06:30 PM,http://www.redfin.com/CA/San-Francisco/851-Van-Ness-Ave-94109/unit-108/home/1513231,San Francisco MLS,462776,N,Y,37.783536,-122.4213926
MLS Listing,,Single Family Residential,311 De Long St,San Francisco,CA,94112,898000,2,2.0,Outer Mission,1554,2495,1941,20,578,,Active,,,http://www.redfin.com/CA/San-Francisco/311-De-Long-St-94112/home/1672733,San Francisco MLS,462775,N,Y,37.709399,-122.464853
MLS Listing,,Condo/Co-op,1177 California St #1618,San Francisco,CA,94108,2295000,2,2.0,Nob Hill,,,1978,20,,1176,Active,,,http://www.redfin.com/CA/San-Francisco/1177-California-St-94108/unit-1618/home/1973584,San Francisco MLS,462760,N,Y,37.7910302,-122.4137217
